Time,Frame,V (cm/s),Vx (cm/s),Vy (cm/s),X (cm),Y (cm)
18:21:34.459409,2.0,1.7387388359036802,1.5926100277888546,0.6977148693170219,14.007,6.136399999999999
18:21:34.647408,3.0,0.0,0.0,0.0,14.007,6.136399999999999
18:21:34.836410,4.0,0.0,0.0,0.0,14.007,6.136399999999999
18:21:34.944405,5.0,0.0,0.0,0.0,14.007,6.136399999999999
18:21:35.044407,6.0,0.0,0.0,0.0,14.007,6.136399999999999
18:21:35.175407,7.0,0.0,0.0,0.0,14.007,6.136399999999999
18:21:35.286402,8.0,0.0,0.0,0.0,14.007,6.136399999999999
18:21:35.407405,9.0,0.0,0.0,0.0,14.007,6.136399999999999
18:21:35.518408,10.0,0.0,0.0,0.0,14.007,6.136399999999999
18:21:35.614408,11.0,0.0,0.0,0.0,14.007,6.136399999999999
18:21:35.717431,12.0,0.0,0.0,0.0,14.007,6.136399999999999
18:21:35.829406,13.0,0.0,0.0,0.0,14.007,6.136399999999999
18:21:35.939431,14.0,0.0,0.0,0.0,14.007,6.136399999999999
18:21:36.031407,15.0,0.0,0.0,0.0,14.007,6.136399999999999
18:21:36.287407,17.0,0.0,0.0,0.0,14.007,6.136399999999999
18:21:36.391406,18.0,0.0,0.0,0.0,14.007,6.136399999999999
18:21:36.487408,19.0,0.0,0.0,0.0,14.007,6.136399999999999
18:21:36.590404,20.0,0.0,0.0,0.0,14.007,6.136399999999999
18:21:36.702409,21.0,0.0,0.0,0.0,14.007,6.136399999999999
18:21:36.826405,22.0,0.0,0.0,0.0,14.007,6.136399999999999
18:21:36.938406,23.0,0.0,0.0,0.0,14.007,6.136399999999999
18:21:37.034432,24.0,0.0,0.0,0.0,14.007,6.136399999999999
18:21:37.158405,25.0,0.0,0.0,0.0,14.007,6.136399999999999
18:21:37.287412,26.0,0.0,0.0,0.0,14.007,6.136399999999999
18:21:37.401404,27.0,0.0,0.0,0.0,14.007,6.136399999999999
18:21:37.519412,28.0,0.0,0.0,0.0,14.007,6.136399999999999
18:21:37.622431,29.0,0.0,0.0,0.0,14.007,6.136399999999999
18:21:37.717403,30.0,0.0,0.0,0.0,14.007,6.136399999999999
18:21:39.390407,32.0,0.0,0.0,0.0,14.007,6.136399999999999
18:21:39.485408,33.0,0.030090116212403366,0.02127692522048169,-0.02127692522048169,14.009021212121212,6.134378787878787
18:21:39.629409,34.0,0.018553037068580577,0.013118978322798711,-0.013118978322798711,14.010923529411764,6.132476470588235
18:21:39.731414,35.0,0.025107843651440052,0.01775392650690487,-0.01775392650690487,14.012717142857142,6.130682857142856
18:21:39.826403,36.0,0.025225220587060563,0.017836924534037027,-0.017836924534037027,14.01441111111111,6.128988888888888
18:21:39.920408,37.0,0.003013319250644817,-0.0021307384760159576,0.0021307384760058746,14.014210810810809,6.129189189189188
18:21:40.015413,38.0,0.0028246279305404556,-0.001997313564009092,0.0019973135640190686,14.014021052631579,6.12937894736842
18:21:40.122427,39.0,0.0023790499145836465,-0.0016822423273789445,0.0016822423273878016,14.013841025641026,6.129558974358974
18:21:40.217414,40.0,0.0025466428199072237,-0.0018007484072214194,0.0018007484072114393,14.01367,6.12973
18:21:40.313402,41.0,0.002395981647670375,-0.0016942148706662397,0.0016942148706662397,14.01350731707317,6.129892682926829
18:21:40.407409,42.0,0.0023315697945791147,-0.0016486688125566175,0.0016486688125566175,14.01335238095238,6.130047619047618
18:21:40.503404,43.0,0.0021756827640196813,-0.0015384400361440726,0.0015384400361539434,14.01320465116279,6.130195348837209
18:21:40.607405,44.0,0.0018997257531053258,-0.0013433089624200114,0.001343308962410982,14.013063636363636,6.1303363636363635
18:21:40.709407,45.0,0.0018867883340328183,-0.0013341608256535822,0.001334160825662967,14.012928888888888,6.1304711111111105
18:21:42.081430,47.0,0.0002600544589217774,-0.00018388627138173267,0.00018388627138104182,14.01267659574468,6.130723404255319
18:21:42.173402,48.0,0.0017983977989332151,-0.0012716592788915414,0.0012716592789017338,14.012558333333333,6.130841666666667
18:21:42.271408,49.0,0.0016203957306672734,-0.0011457928093605596,0.0011457928093605596,14.012444897959183,6.130955102040816
18:21:42.386407,50.0,0.0013751411239523049,-0.0009723716138351653,0.0009723716138351653,14.012336,6.131063999999999
18:21:42.471081,51.0,0.001747456133980033,-0.0012356380821633092,0.0012356380821633092,14.012231372549019,6.13116862745098
18:21:42.558082,52.0,0.0014662382221354315,-0.0010367869897166394,0.0010367869896971027,14.012130769230767,6.13126923076923
18:21:42.660066,53.0,0.017866388281752247,0.012633444309344035,-0.012633444309333728,14.013292452830187,6.1301075471698105
18:21:42.753735,54.0,0.01706717833718118,0.012068317537940956,-0.012068317537940956,14.01441111111111,6.128988888888888
18:21:42.839802,55.0,0.01771744319804603,0.012528124230625817,-0.012528124230625817,14.01548909090909,6.127910909090909
18:21:42.926600,56.0,0.016743450544367686,0.011839407420383983,-0.011839407420383983,14.01652857142857,6.1268714285714285
18:21:43.012626,57.0,0.0027482440307600112,-0.0019433019905058546,0.0019433019905058546,14.016361403508771,6.127038596491228
18:21:43.095998,58.0,0.002771133323094428,-0.001959487164332082,0.001959487164332082,14.0162,6.127199999999999
18:21:43.188075,59.0,0.014815821297910162,0.01047636770860035,-0.01047636770860035,14.017174576271186,6.126225423728813
18:21:43.270467,60.0,0.01635858754817077,0.01156726818593955,-0.011567268185951189,14.018116666666666,6.125283333333333
18:21:43.584832,62.0,0.010001089360574063,0.007071838106114552,-0.007071838106114552,14.02034,6.12306
18:21:43.678810,63.0,0.01655704375789873,0.01170759791761758,-0.011707597917607598,14.021451666666666,6.121948333333333
18:21:43.765170,64.0,0.016835278588573074,0.011904339653139634,-0.011904339653149784,14.02256333333333,6.1208366666666665
18:21:43.867073,65.0,0.016578315085696627,0.011722639017748322,-0.011722639017738326,14.023674999999999,6.119725
18:21:43.951828,66.0,0.018755996697710678,0.013262492452869366,-0.013262492452858056,14.024786666666667,6.118613333333333
18:21:44.037852,67.0,0.018280534739668,0.012926290078129992,-0.012926290078141014,14.025898333333332,6.117501666666667
18:21:44.119475,68.0,0.019277682023951623,0.01363137968470001,-0.013631379684688387,14.02701,6.11639
18:21:44.198640,69.0,0.019589925927401275,0.013852169466201703,-0.013852169466213515,14.028121666666665,6.115278333333333
18:21:44.286542,70.0,0.01809477723754716,0.012794939688735033,-0.012794939688724123,14.029233333333332,6.114166666666667
18:21:44.369144,71.0,0.018806601545296998,0.013298275483747244,-0.013298275483758582,14.030344999999999,6.113055
18:21:44.449129,72.0,0.019900312196759785,0.0140716457020642,-0.014071645702052204,14.031456666666665,6.1119433333333335
18:21:44.529115,73.0,0.019414527156508262,0.013728143805885667,-0.013728143805909079,14.032568333333332,6.110831666666666
18:21:44.614647,74.0,0.018598246360233387,0.01315094611950466,-0.013150946119493447,14.033679999999999,6.109719999999999
18:21:44.703014,75.0,0.017790246529813935,0.012579603960206515,-0.012579603960217242,14.034791666666665,6.108608333333333
18:21:45.159087,77.0,0.0034470868373204697,0.0024374584780092324,-0.0024374584780071542,14.035903333333332,6.107496666666666
18:21:45.238767,78.0,0.0,0.0,0.0,14.035903333333332,6.107496666666666
18:21:45.318759,79.0,0.0,0.0,0.0,14.035903333333332,6.107496666666666
18:21:45.406733,80.0,0.0,0.0,0.0,14.035903333333332,6.107496666666666
18:21:45.511732,81.0,0.0,0.0,0.0,14.035903333333332,6.107496666666666
18:21:45.619732,82.0,0.0,0.0,0.0,14.035903333333332,6.107496666666666
18:21:45.744729,83.0,0.0,0.0,0.0,14.035903333333332,6.107496666666666
18:21:45.846736,84.0,0.0,0.0,0.0,14.035903333333332,6.107496666666666
18:21:45.948728,85.0,0.0,0.0,0.0,14.035903333333332,6.107496666666666
18:21:46.046731,86.0,0.0,0.0,0.0,14.035903333333332,6.107496666666666
18:21:46.139728,87.0,0.0,0.0,0.0,14.035903333333332,6.107496666666666
18:21:46.235733,88.0,0.0,0.0,0.0,14.035903333333332,6.107496666666666
18:21:46.342730,89.0,0.0,0.0,0.0,14.035903333333332,6.107496666666666
18:21:46.454732,90.0,0.0,0.0,0.0,14.035903333333332,6.107496666666666
18:21:46.904730,92.0,0.0,0.0,0.0,14.035903333333332,6.107496666666666
18:21:46.997732,93.0,0.01690372590830047,-0.01195273921708309,0.0119527392170729,14.034791666666665,6.108608333333333
18:21:47.094735,94.0,0.0,0.0,0.0,14.034791666666665,6.108608333333333
18:21:47.190735,95.0,0.0,0.0,0.0,14.034791666666665,6.108608333333333
18:21:47.285756,96.0,0.016725661066126708,-0.011826828359680974,0.011826828359691057,14.033679999999999,6.109719999999999
18:21:47.387732,97.0,0.043171252422756524,0.0,0.043171252422756524,14.033679999999999,6.114166666666667
18:21:47.497757,98.0,0.040793691502902664,0.0,-0.040793691502902664,14.033679999999999,6.109719999999999
18:21:47.592734,99.0,0.011580441609769693,0.0,0.011580441609769693,14.033679999999999,6.110831666666666
18:21:47.701743,100.0,0.05052925602663293,0.0,0.05052925602663293,14.033679999999999,6.11639
18:21:47.811735,101.0,0.04243716530641683,0.010292524412353732,-0.04117009764945003,14.034791666666665,6.1119433333333335
18:21:47.906730,102.0,0.02315927267188231,0.0,0.02315927267188231,14.034791666666665,6.114166666666667
18:21:48.003732,103.0,0.08104670131510888,0.011461734418552411,0.08023214092979847,14.035903333333332,6.121948333333333
18:21:48.093730,104.0,0.08907126321734486,0.07411177077703533,0.04940784718469022,14.042573333333332,6.126395
18:21:48.189756,105.0,0.1188527275615232,0.011826288408170123,0.11826288408161047,14.043685,6.137511666666666
18:21:48.597737,107.0,0.06378214559832972,0.021797105807013863,0.059942040969292766,14.052578333333333,6.161968333333333
18:21:48.694733,108.0,0.24180491815173866,0.0694821319504426,0.23160710650148522,14.059248333333333,6.184201666666667
18:21:48.790730,109.0,0.24536931359849878,0.08105785696251365,0.23159387703573497,14.067029999999999,6.206434999999999
18:21:48.877756,110.0,0.1821914505714673,0.10106163338254706,0.15159245007383138,14.075923333333332,6.219774999999999
18:21:48.973730,111.0,0.25396503579477714,0.10421827996672482,0.2315961777038209,14.085928333333333,6.242008333333333
18:21:49.076757,112.0,0.2467836674319059,0.07482571052157468,0.23516651878208142,14.09371,6.266465
18:21:49.171732,113.0,0.20653462858121213,0.08278296901260268,0.18921821488598212,14.101491666666664,6.284251666666666
18:21:49.267737,114.0,0.27683507921580763,0.09460646794107513,0.26016778683791125,14.110384999999999,6.308708333333333
18:21:49.357728,115.0,0.31373311086176847,0.09561823697942157,0.2988069905607128,14.119278333333332,6.336499999999999
18:21:49.453758,116.0,0.2344977190765735,0.08106711811756895,0.22003932060481307,14.12706,6.357621666666666
18:21:49.565728,117.0,0.2661059892286319,0.0901352791757011,0.2503757754880994,14.137064999999998,6.385413333333333
18:21:49.661756,118.0,0.3259755133252133,0.11701838965073173,0.30424781309187054,14.148181666666666,6.414316666666666
18:21:49.758735,119.0,0.23358443251886385,0.11343862848615432,0.2041895312750875,14.159298333333332,6.434326666666666
18:21:49.853728,120.0,0.33656841008713567,0.10643227643369692,0.3192968293010807,14.169303333333332,6.464341666666667
18:21:50.234733,122.0,0.1447191570058057,0.03783182727567428,0.1396867468640264,14.183755,6.5177016666666665
18:21:50.330739,123.0,0.3328345316340516,0.05850919482534591,0.32765149102201296,14.189313333333331,6.548828333333333
18:21:50.421730,124.0,0.34601487703452377,0.07250018187238448,0.338334182071052,14.195983333333333,6.579955
18:21:50.518733,125.0,0.2361785800046347,0.04631843031293146,0.23159215156466714,14.200429999999999,6.602188333333333
18:21:50.613729,126.0,0.3504381508757621,0.04631520968155556,0.3473640726116864,14.204876666666665,6.635538333333333
18:21:50.710755,127.0,0.3355224127063294,0.04584490915332691,0.3323755913616396,14.209323333333332,6.667776666666667
18:21:50.798739,128.0,0.2731715001031818,0.05111369519977638,0.2683468997988369,14.213769999999998,6.691121666666666
18:21:50.910733,129.0,0.2961071096326792,0.06947873006007,0.28784045310598616,14.221551666666667,6.72336
18:21:51.005728,130.0,0.32596759527289926,0.0573020516980115,0.3208914895088293,14.22711,6.754486666666666
18:21:51.093735,131.0,0.2509592173665773,0.06386743921224466,0.24269626900658198,14.232668333333331,6.775608333333333
18:21:51.184757,132.0,0.35142554033971085,0.061777320115788674,0.34595299264837864,14.238226666666666,6.806735
18:21:51.294756,133.0,0.29585142457626734,0.04042436859338149,0.29307667230203305,14.242673333333332,6.838973333333333
18:21:51.390734,134.0,0.25856182012741125,0.05730275592261422,0.2521321260594791,14.248231666666666,6.86343
18:21:51.502731,135.0,0.2721066019964039,0.07074049846909276,0.2627504228852423,14.256013333333332,6.892333333333332
18:21:51.910735,137.0,0.1364986822281567,0.0298984450823074,0.13318398263936826,14.268241666666665,6.946805
18:21:52.021733,138.0,0.24552044869990342,0.05007493998383909,0.2403597119223952,14.2738,6.973484999999999
18:21:52.110732,139.0,0.35768416355206245,0.07494523684252398,0.34974443859846654,14.28047,7.0046116666666665
18:21:52.198757,140.0,0.25183488835616613,0.061078932053425225,0.24431572821366968,14.286028333333332,7.026844999999999
18:21:52.295733,141.0,0.2952173596922703,0.05789688760855287,0.2894844380427347,14.291586666666667,7.054636666666666
18:21:52.405732,142.0,0.29659527111634587,0.060091864058730904,0.29044400961721645,14.298256666666667,7.086874999999999
18:21:52.516737,143.0,0.23045435822662325,0.060636552890072234,0.22233402726360682,14.304926666666665,7.111331666666666
18:21:52.628733,144.0,0.25566449303975763,0.0808482114837848,0.24254463445137162,14.313819999999998,7.138011666666666
18:21:52.733734,145.0,0.3208542810259703,0.06292470153735064,0.3146235076867711,14.320489999999998,7.171361666666666
18:21:52.829737,146.0,0.2724148613916915,0.06876347612354208,0.2635933251401893,14.32716,7.19693
18:21:52.926942,147.0,0.32061582924062654,0.05838069914915129,0.31525577540548066,14.332718333333332,7.226944999999999
18:21:53.006746,148.0,0.43984312641057216,0.08357982947042145,0.43182911893053455,14.339388333333332,7.261406666666666
18:21:53.086172,149.0,0.3434376899410488,0.07004557788588198,0.3362187738522,14.344946666666665,7.288086666666666
18:21:53.164927,150.0,0.406259694072379,0.04180377764031422,0.4041031838562797,14.348281666666667,7.3203249999999995
18:21:53.469720,152.0,0.2104307604404203,0.02479247659595574,0.20896515988023592,14.356063333333331,7.385913333333333
18:21:53.574093,153.0,0.3301855409148938,0.0,0.3301855409148938,14.356063333333331,7.41704
18:21:53.655021,154.0,0.46661813067093344,0.0,0.46661813067093344,14.356063333333331,7.454836666666666
18:21:53.733737,155.0,0.39643845217027895,-0.028245070218903684,0.39543098306467567,14.353839999999998,7.485963333333333
18:21:53.811992,156.0,0.38343958406813045,0.0,0.38343958406813045,14.353839999999998,7.515978333333333
18:21:53.890910,157.0,0.43743936380857756,-0.014103611140506005,0.437211945356083,14.352728333333333,7.55044
18:21:53.969880,158.0,0.4543043592579559,-0.04113078409579689,0.4524386250536605,14.349393333333332,7.5871249999999995
18:21:54.062853,159.0,0.368591105161516,-0.03667618576161857,0.36676185761631075,14.346058333333334,7.620475
18:21:54.175725,160.0,0.27200865036643873,-0.018093746276281655,0.2714061941442403,14.343835,7.653824999999999
18:21:54.284785,161.0,0.40162586425014535,-0.033353212618334196,0.40023855141991554,14.340499999999999,7.693844999999999
18:21:54.375069,162.0,0.3362498249652342,-0.012445164368129721,0.33601943793923716,14.339388333333332,7.723859999999999
18:21:54.455180,163.0,0.4320458885717264,-0.04161647235931306,0.4300368810463809,14.336053333333332,7.7583216666666655
18:21:54.565715,164.0,0.2997123044545134,-0.07970219284956316,0.2889204490796835,14.32716,7.790559999999999
18:21:54.646882,165.0,0.270275460180139,-0.042152856316306594,0.2669680900032112,14.323825,7.811681666666666
18:21:54.949296,167.0,0.17063371155308896,-0.043965934393713775,0.16487225397643604,14.310485,7.861706666666666
18:21:55.032455,168.0,0.11682019849741931,-0.07009211909845955,0.09345615879792947,14.303814999999998,7.8706
18:21:55.137772,169.0,0.12664089505987333,-0.08339361294150925,0.09530698621888949,14.296033333333334,7.8794933333333335
18:21:55.221828,170.0,0.33480281706284987,-0.11755711738060265,0.3134856463482552,14.286028333333332,7.906173333333332
18:21:55.310756,171.0,0.23284455205885346,-0.13769580736123363,0.187767010038042,14.2738,7.922848333333333
18:21:55.390476,172.0,0.12303566775143175,-0.055023223349851325,0.11004644669971438,14.269353333333333,7.9317416666666665
18:21:55.483916,173.0,0.34231417697612604,-0.10824924746105898,0.32474774238315646,14.259348333333332,7.961756666666665
18:21:55.579941,174.0,0.20874812332269732,-0.11579262496874398,0.17368893745312583,14.248231666666666,7.9784316666666655
18:21:55.686941,175.0,0.15445396664067035,-0.11428667941239185,0.1038969812839934,14.236003333333333,7.989548333333333
18:21:55.781941,176.0,0.3140066856484328,-0.14042805889986865,0.2808561177997173,14.222663333333331,8.016228333333332
18:21:55.878921,177.0,0.2436492704971779,-0.16044416732618977,0.18336476265851237,14.207099999999999,8.034015
18:21:55.990920,178.0,0.18301856222770513,-0.13895805172678483,0.11910690148010974,14.191536666666666,8.047355
18:21:56.107918,179.0,0.2745951559056316,-0.1341681182678653,0.23958592547830987,14.175973333333332,8.075146666666665
18:21:56.250917,180.0,0.1413672967225839,-0.09200061719584461,0.10733405339515859,14.162633333333334,8.09071
18:21:56.686919,182.0,0.10080721304279547,-0.051111285915462504,0.0868891860562832,14.1404,8.128506666666667
18:21:56.798919,183.0,0.1687380098803466,-0.07940612229663017,0.14888647930619003,14.131506666666667,8.145181666666666
18:21:56.910918,184.0,0.14162997222859186,-0.10014751378210397,0.10014751378209542,14.120389999999999,8.156298333333332
18:21:57.006918,185.0,0.2894988170040148,-0.08105966876110973,0.27791886432385843,14.112608333333332,8.182978333333333
18:21:57.123913,186.0,0.1489593378807907,-0.047105078645394594,0.1413152359361677,14.10705,8.199653333333334
18:21:57.219941,187.0,0.13341613483975268,-0.03510410728985519,0.1287150600627658,14.103714999999998,8.211881666666665
18:21:57.315918,188.0,0.325944362173466,-0.05729796753660924,0.320868618205086,14.098156666666666,8.243008333333332
18:21:57.406914,189.0,0.26683175616645893,-0.07330432101288226,0.2565651235451087,14.091486666666666,8.266353333333333
18:21:57.517916,190.0,0.1678792666246566,-0.050074187100142574,0.16023739872043746,14.085928333333333,8.284139999999999
18:21:57.631922,191.0,0.3436234486894546,-0.07870328574030372,0.3344889643963076,14.077035,8.321936666666666
18:21:57.729916,192.0,0.2996216634492542,-0.06737277943947471,0.2919487109043266,14.070364999999999,8.35084
18:21:57.824941,193.0,0.2247750216835982,-0.04630601034502472,0.21995354913887727,14.065918333333332,8.371961666666666
18:21:57.935914,194.0,0.31597720130831636,-0.04043602511206903,0.3133791946185522,14.061471666666666,8.406423333333333
18:21:58.046917,195.0,0.3167017280902956,-0.10014987996766112,0.3004496399030004,14.050355,8.439773333333333
18:21:58.406915,197.0,0.17933360248443056,-0.04926672954442488,0.17243355340547922,14.032568333333332,8.502026666666666
18:21:58.510941,198.0,0.32702261776520264,-0.06413441189887968,0.32067205949441663,14.025898333333332,8.535376666666666
18:21:58.604941,199.0,0.24693764637909654,-0.07095701055375775,0.236523368512546,14.019228333333333,8.55761
18:21:58.702923,200.0,0.41653200252792905,-0.05730162917155823,0.41257173003516845,14.01367,8.59763
18:21:58.810940,201.0,0.32329601572949973,-0.051479213046881175,0.3191711208907265,14.008111666666666,8.632091666666666
18:21:58.907915,202.0,0.23384379383553078,-0.056715450698772395,0.22686180279507023,14.002553333333333,8.654325
18:21:59.013917,203.0,0.37428465924912163,-0.01068948524198146,0.37413198346905946,14.001441666666665,8.693233333333334
18:21:59.110917,204.0,0.40105343279280214,-0.0567175203891759,0.3970226427243087,13.995883333333333,8.732141666666665
18:21:59.205922,205.0,0.27034410283405735,-0.046321076166654505,0.26634618795829307,13.991436666666667,8.75771
18:21:59.296941,206.0,0.47610199174234097,-0.03747041006354854,0.47462519413816795,13.988101666666665,8.799953333333333
18:21:59.383938,207.0,0.44287192596805974,-0.025265750611863782,0.44215063570764845,13.985878333333332,8.838861666666666
18:21:59.469940,208.0,0.31262964638999796,-0.03877693521471233,0.3102154817176105,13.982543333333332,8.865541666666665
18:21:59.558924,209.0,0.4753113997009834,-0.02498181253822897,0.4746544382263931,13.980319999999999,8.907785
18:21:59.654915,210.0,0.40128298021896475,-0.011460551184511118,0.40111929145824093,13.979208333333332,8.946693333333332
18:22:00.045914,212.0,0.17424891443146798,0.011401671483927955,0.17387549012991346,13.983654999999999,9.014505
18:22:00.139916,213.0,0.4401468388593755,0.04730779342246394,0.4375970891578217,13.988101666666665,9.055636666666667
18:22:00.227914,214.0,0.40144771081027997,0.03747141383024602,0.39969508085586525,13.991436666666667,9.09121
18:22:00.319915,215.0,0.40972671184803433,0.07329414239117202,0.4031177831514566,13.998106666666667,9.127894999999999
18:22:00.407915,216.0,0.4575884040620953,0.05053218577472833,0.45478967197257647,14.002553333333333,9.167914999999999
18:22:00.501916,217.0,0.4210723023229929,0.047811324560973534,0.418349089908549,14.007,9.206823333333332
18:22:00.593920,218.0,0.41494015159264497,0.08367389347211728,0.4064160540073976,14.014781666666666,9.24462
18:22:00.688918,219.0,0.49004110669942097,0.07095755047379018,0.4848765949042631,14.021451666666666,9.290198333333333
18:22:00.789913,220.0,0.3347658906017666,0.055035173399312534,0.33021104039583765,14.02701,9.323548333333333
18:22:00.877940,221.0,0.3922129564027567,0.062453025586610096,0.3872087586370806,14.032568333333332,9.35801
18:22:00.974916,222.0,0.4506020578241323,0.05730050246481226,0.44694391922546917,14.038126666666665,9.401364999999998
18:22:01.078923,223.0,0.24373150535311477,0.06413000139831242,0.23514333846049706,14.044796666666665,9.425821666666666
18:22:01.173916,224.0,0.3298874574571121,0.08278926847911358,0.3193300355622866,14.052578333333333,9.455836666666666
18:22:01.270917,225.0,0.4364103025162662,0.06806367387056911,0.4310699345136237,14.059248333333333,9.49808
18:22:02.325916,227.0,0.06007082280341166,0.01580567905983128,0.057954156552714096,14.075923333333332,9.559221666666666
18:22:02.438918,228.0,0.3992613003271562,0.048332327296982475,0.3963250838352134,14.081481666666667,9.6048
18:22:02.545915,229.0,0.3811808649065857,0.05243843074626456,0.37755670137318714,14.087039999999998,9.64482
18:22:02.669918,230.0,0.3005545688401068,0.07289519021117183,0.2915807608446407,14.095933333333333,9.680393333333333
18:22:02.798917,231.0,0.34044571448182737,0.06841057258014333,0.33350154132822063,14.104826666666666,9.723748333333333
18:22:02.916918,232.0,0.3867139013039747,0.018841688828003907,0.38625462097410423,14.10705,9.769326666666666
18:22:03.043918,233.0,0.25743814037690355,0.07877843434381657,0.2450884624029766,14.117054999999999,9.800453333333333
18:22:03.170914,234.0,0.3759975669399627,0.07878242756596006,0.36765132864112704,14.12706,9.847143333333332
18:22:03.281919,235.0,0.40695204522603534,0.08933093675691926,0.3970263855863793,14.137064999999998,9.89161
18:22:03.390920,236.0,0.3376308271167218,0.14277916943539476,0.30595536307582605,14.152628333333332,9.92496
18:22:03.518918,237.0,0.3405984838747276,0.11290362732698767,0.32134109316141274,14.167079999999999,9.966091666666665
18:22:03.630916,238.0,0.40500897627908383,0.1191074085758435,0.38709907787151676,14.180419999999998,10.009446666666665
18:22:03.749914,239.0,0.33771690670803395,0.13189528619556687,0.31089603174667957,14.195983333333333,10.046131666666666
18:22:03.853911,240.0,0.4801650194003141,0.11645712310084237,0.4658284924033514,14.208211666666667,10.095044999999999
18:22:04.219912,242.0,0.23310986166604264,0.07005091284071734,0.22233550597271629,14.23378,10.176196666666666
18:22:04.331942,243.0,0.3960787619644732,0.0983762012365185,0.38366718482244727,14.244896666666666,10.219551666666666
18:22:04.437912,244.0,0.4467929564562004,0.10587035229810204,0.4340684444222454,14.256013333333332,10.26513
18:22:04.533940,245.0,0.38493737544525125,0.1042200917923387,0.3705603263727444,14.266018333333331,10.300703333333333
18:22:04.630917,246.0,0.39781768359982944,0.08022109779227886,0.38964533213389796,14.2738,10.3385
18:22:04.733916,247.0,0.40746806957859877,0.03206874980513719,0.4062041641983071,14.277135,10.380743333333331
18:22:04.840940,248.0,0.27708922885186354,0.03176110568942159,0.27526291597508334,14.28047,10.409646666666665
18:22:04.936921,249.0,0.35916882600220484,0.01158006771871663,0.3589820992799391,14.281581666666666,10.444108333333332
18:22:05.029940,250.0,0.41022837714085036,0.02340344298883904,0.4095602523046931,14.283805,10.483016666666666
18:22:05.126919,251.0,0.25291500908222075,0.06948109655723549,0.24318383795035378,14.290474999999999,10.506361666666667
18:22:05.221914,252.0,0.30781573444754395,0.0468055938491524,0.30423636001949056,14.294921666666665,10.535264999999999
18:22:05.317916,253.0,0.3475932525630402,0.011580010199157519,0.34740030597444915,14.296033333333334,10.568614999999998
18:22:05.405940,254.0,0.2655787614988768,-0.012632293472273287,0.2652781629175452,14.294921666666665,10.59196
18:22:05.501915,255.0,0.29516165083522267,0.05788596220281761,0.2894298110140486,14.300479999999999,10.619751666666666
18:22:05.906222,257.0,0.13969446994423393,0.02474729419868337,0.13748496777045952,14.310485,10.675335
18:22:05.999229,258.0,0.3604001917134823,0.03586115941136037,0.35861159411372606,14.313819999999998,10.708685000000001
18:22:06.094221,259.0,0.40667034196795465,0.03473011135581764,0.4051846324844338,14.317155,10.747593333333333
18:22:06.195228,260.0,0.23825554978711533,0.033694422981948934,0.23586096087371916,14.320489999999998,10.770938333333332
18:22:06.297250,261.0,0.3029764157628615,0.02158617583901298,0.30220646174620014,14.322713333333331,10.802064999999999
18:22:06.386248,262.0,0.38718801423646143,0.0,0.38718801423646143,14.322713333333331,10.836526666666666
18:22:06.486250,263.0,0.2290338911424226,-0.044917241546507794,0.2245862077325581,14.318266666666664,10.85876
18:22:06.592225,264.0,0.25365986343012553,-0.031462633836481686,0.251701070691925,14.314931666666666,10.88544
18:22:06.686221,265.0,0.3295201612495489,-0.03510481207838896,0.3276449127315571,14.311596666666665,10.916566666666665
18:22:06.801231,266.0,0.16686145566192906,-0.02899807378874869,0.16432241813629753,14.308261666666667,10.935464999999999
18:22:06.940228,267.0,0.16174599908998344,-0.02399347476466775,0.1599564984310865,14.304926666666665,10.957698333333333
18:22:07.079227,268.0,0.20727773891980303,-0.03914386075669973,0.20354807593481725,14.299368333333332,10.986601666666665
18:22:07.224228,269.0,0.11558907704848455,-0.05480076097345956,0.10177284180787255,14.291586666666667,11.001053333333333
18:22:07.354228,270.0,0.15152313489533223,-0.04275472597309641,0.1453660683085103,14.286028333333332,11.019951666666666
18:22:07.875226,272.0,0.07894820096643657,-0.02560482193506209,0.07468073064392593,14.272688333333331,11.05886
18:22:07.987228,273.0,0.13824579275036344,-0.04962734739983998,0.12903110323961442,14.26713,11.073311666666667
18:22:08.115224,274.0,0.15657266025314706,-0.05211053121955375,0.1476465051220764,14.26046,11.09221
18:22:08.239227,275.0,0.17244714618437568,-0.08068590212097802,0.15240670400628506,14.250454999999999,11.111108333333334
18:22:08.352224,276.0,0.21776868013142459,-0.0688645032264008,0.20659350967918558,14.242673333333332,11.134453333333333
18:22:08.471226,277.0,0.129028088182568,-0.04631838430076607,0.12042779918197913,14.237114999999998,11.148905
18:22:08.599228,278.0,0.13257138201835658,-0.06948032003258045,0.11290552005295064,14.228221666666665,11.163356666666667
18:22:08.730225,279.0,0.11116310298557384,-0.0427550396098423,0.10261209506360404,14.222663333333331,11.176696666666667
18:22:08.842228,280.0,0.18543254547767116,-0.049629882943322386,0.17866757859600796,14.217105,11.196706666666666
18:22:08.959227,281.0,0.14895903690601706,-0.0471049834688143,0.14131495040642686,14.211546666666665,11.213381666666667
18:22:09.094223,282.0,0.14700342413051895,-0.041479415801083865,0.14103001372366816,14.205988333333332,11.23228
18:22:09.207231,283.0,0.23936164838905377,-0.039350812594898726,0.23610487556940912,14.201541666666666,11.25896
18:22:09.335227,284.0,0.170636187122537,-0.04342576623730436,0.16501791170179209,14.195983333333333,11.280081666666666
18:22:09.455226,285.0,0.14012329243566832,0.0,0.14012329243566832,14.195983333333333,11.296756666666667
18:22:09.959230,287.0,0.0937303780597446,-0.01540917923277151,0.09245507539662155,14.188201666666666,11.343446666666665
18:22:10.063228,288.0,0.12996659067019056,0.010793137887149917,0.12951765464592785,14.189313333333331,11.356786666666666
18:22:10.206230,289.0,0.16230196732097965,0.00771991732605004,0.16211826384691919,14.190425,11.380131666666667
18:22:10.334228,290.0,0.10340802720484368,0.0,0.10340802720484368,14.190425,11.393471666666665
18:22:10.471227,291.0,0.0805566622783178,0.0,0.0805566622783178,14.190425,11.404588333333331
18:22:10.619226,292.0,0.12966616689498825,0.007614259498775845,0.1294424114790985,14.191536666666666,11.423486666666667
18:22:10.746229,293.0,0.10648617997888284,-0.01750622015055887,0.10503732090326366,14.189313333333331,11.436826666666667
18:22:10.878226,294.0,0.07764385286044177,-0.01684331654781849,0.0757949244651904,14.187089999999998,11.446831666666666
18:22:10.996230,295.0,0.14975978470932333,-0.009341758705128466,0.14946813928218292,14.185978333333333,11.464618333333332
18:22:11.111224,296.0,0.12062186377574477,-0.029255099123901583,0.1170203964955897,14.182643333333331,11.477958333333333
18:22:11.232226,297.0,0.09941260226958698,0.0,0.09941260226958698,14.182643333333331,11.490186666666666
18:22:11.359229,298.0,0.16033112801863203,-0.008893570817287191,0.16008427471130596,14.181531666666666,11.510196666666666
18:22:11.495228,299.0,0.12369478617473252,-0.01634796309671475,0.1226097232253676,14.179308333333333,11.526871666666665
18:22:11.622225,300.0,0.08926774217882652,0.017506844588623314,0.08753422294311657,14.181531666666666,11.537988333333331
18:22:12.066224,302.0,0.1175192023129464,0.004996295584308608,0.11741294623126296,14.183755,11.590236666666668
18:22:12.186225,303.0,0.1852705924736717,0.0,0.1852705924736717,14.183755,11.612469999999998
18:22:12.298226,304.0,0.26058109325615686,0.010014944974370023,0.2603885693338597,14.184866666666665,11.641373333333332
18:22:12.407227,305.0,0.2575359333180235,-0.010293206059058082,0.25733015147668026,14.183755,11.669164999999998
18:22:12.519230,306.0,0.21844121504730096,-0.029514292610885725,0.21643814581311724,14.180419999999998,11.693621666666665
18:22:12.631230,307.0,0.29775394308873865,0.0,0.29775394308873865,14.180419999999998,11.726971666666666
18:22:12.750227,308.0,0.2747241062326178,0.027336070274871612,0.27336070274865404,14.183755,11.760321666666666
18:22:12.877224,309.0,0.23327033040819223,0.008965307091158125,0.23309798437032525,14.184866666666665,11.789225
18:22:12.989224,310.0,0.3411018633734861,0.020030191108704284,0.34051324884798995,14.187089999999998,11.827021666666665
18:22:13.095228,311.0,0.3676661691762268,0.02097527793959968,0.3670673639430212,14.189313333333331,11.865929999999999
18:22:13.207227,312.0,0.3076803844052399,0.0,0.3076803844052399,14.189313333333331,11.900391666666666
18:22:13.320225,313.0,0.3726142605571239,0.03900704357478532,0.37056691396033586,14.19376,11.942635
18:22:13.423229,314.0,0.4045505712536793,0.06475687863412098,0.3993340849104219,14.200429999999999,11.983766666666666
18:22:13.542225,315.0,0.30954991249119335,0.028025332264776465,0.3082786549126526,14.203764999999999,12.020451666666666
18:22:14.019227,317.0,0.17372985251586953,0.02097474849702082,0.1724590431977184,14.213769999999998,12.102714999999998
18:22:14.127226,318.0,0.27001757023500955,0.05099211437862615,0.26515899476882815,14.219328333333333,12.131618333333332
18:22:14.255224,319.0,0.27049655295370445,0.02605536267571295,0.2692387476491326,14.222663333333331,12.16608
18:22:14.375230,320.0,0.33670760554591034,0.046320316890756504,0.33350628161340573,14.228221666666665,12.2061
18:22:14.497231,321.0,0.28307524622259794,0.05379049798881431,0.27791757294223013,14.234891666666664,12.240561666666666
18:22:14.607226,322.0,0.4202166822703373,0.06233513297684126,0.41556755317884136,14.241561666666666,12.285028333333333
18:22:14.718229,323.0,0.39377207751276083,0.05007375689103491,0.39057530375016447,14.247119999999999,12.328383333333333
18:22:14.845230,324.0,0.3030955279113932,0.07755989065766493,0.2930040313733878,14.257124999999998,12.36618
18:22:14.972227,325.0,0.3715072182025766,0.07114748088496499,0.36463083953546827,14.266018333333331,12.411758333333333
18:22:15.079228,326.0,0.43670567639524205,0.06175950903234428,0.4323165632264275,14.272688333333331,12.458448333333333
18:22:15.191227,327.0,0.3835137702690009,0.06947828635979629,0.3771678402388651,14.28047,12.500691666666665
18:22:15.296229,328.0,0.4507838306800603,0.07410840525743449,0.4446504315445889,14.288251666666666,12.547381666666666
18:22:15.398224,329.0,0.4645243089781082,0.11007190586131324,0.4512948140314124,14.299368333333332,12.59296
18:22:15.516228,330.0,0.2919713932723505,0.11943262224429127,0.2664266188526401,14.313819999999998,12.625198333333332
18:22:16.084227,332.0,0.1539849956848261,0.027545673429304404,0.15150120386116417,14.329383333333332,12.710796666666665
18:22:16.223229,333.0,0.27577435720664034,0.07997660301930007,0.26392278996371066,14.340499999999999,12.747481666666665
18:22:16.359228,334.0,0.29111665307387075,0.07249999398770864,0.2819444210632915,14.350505,12.786389999999999
18:22:16.471228,335.0,0.40689758834614903,0.10106333102855251,0.3941469910113806,14.361621666666666,12.829744999999999
18:22:16.583230,336.0,0.3329057613047801,0.09013276240388673,0.3204720441026951,14.371626666666666,12.865318333333333
18:22:16.700227,337.0,0.2979228894765179,0.09421148978443573,0.28263446935332326,14.382743333333332,12.898668333333331
18:22:16.828229,338.0,0.38042873037364444,0.08617224118611604,0.37054063710025775,14.39386,12.946469999999998
18:22:16.939231,339.0,0.3364088498696487,0.08159113067088507,0.32636452268355765,14.402753333333333,12.982043333333332
18:22:17.063228,340.0,0.295629789805701,0.10672061066022644,0.2756949108722744,14.416093333333333,13.016504999999999
18:22:17.175228,341.0,0.38202164494290164,0.07870046284615174,0.3738271985191579,14.424986666666667,13.058748333333332
18:22:17.286223,342.0,0.2987809467644359,0.07010612063008034,0.29043964261039384,14.432768333333332,13.090986666666666
18:22:17.407227,343.0,0.27316523674356985,0.09187541151149453,0.25725115223214085,14.443885,13.122113333333331
18:22:17.503231,344.0,0.45438529769580077,0.09360813376027947,0.44463863536136744,14.452778333333333,13.164356666666666
18:22:17.599226,345.0,0.3963480841967481,0.04630980462849355,0.3936333393422149,14.457225,13.202153333333333
18:22:17.985532,347.0,0.18547265110765418,0.03418048316450197,0.1822959102106869,14.470564999999999,13.273299999999999
18:22:18.095530,348.0,0.3741784087904509,0.010389837036781209,0.3740341333238223,14.471676666666665,13.31332
18:22:18.207532,349.0,0.26929170064141256,0.018527832258789827,0.2686535677524762,14.473899999999999,13.345558333333333
18:22:18.333526,350.0,0.35507060084889996,-0.009340729415417361,0.354947717785573,14.472788333333332,13.387801666666666
18:22:18.447531,351.0,0.3574965838069379,0.009926631680771826,0.357358740507498,14.473899999999999,13.427821666666665
18:22:18.553527,352.0,0.3174049851127885,0.04194942360793795,0.31462067705955254,14.478346666666665,13.461171666666665
18:22:18.686532,353.0,0.3097029290520031,0.016716295503582092,0.3092514668162901,14.480569999999998,13.502303333333332
18:22:18.795531,354.0,0.3575513364034595,0.020398228848581258,0.3569690048501981,14.482793333333332,13.541211666666667
18:22:18.891535,355.0,0.32506395486817874,0.02315984784176074,0.3242378697846503,14.485016666666665,13.572338333333331
18:22:18.986532,356.0,0.4618348401982701,0.02365275679331609,0.46122875746969405,14.487239999999998,13.615693333333333
18:22:19.078554,357.0,0.4066011829188021,-0.01195368915800971,0.4064254313726971,14.486128333333333,13.653489999999998
18:22:19.177531,358.0,0.24980321672344752,-0.011342979761375114,0.24954555475005907,14.485016666666665,13.677946666666665
18:22:19.270554,359.0,0.4377502214367622,-0.011826768362631614,0.43759042941777304,14.483905,13.719078333333332
18:22:19.373554,360.0,0.3745261202624846,-0.05449129978154242,0.3705408385144438,14.478346666666665,13.756874999999999
18:22:19.750582,362.0,0.15137339292958052,-0.020583757108538814,0.14996737321934347,14.470564999999999,13.813569999999999
18:22:19.861603,363.0,0.29585142457627595,-0.04042436859338149,0.2930766723020417,14.466118333333332,13.845808333333332
18:22:19.957603,364.0,0.24997309740438528,-0.05789890063311618,0.24317538265913932,14.46056,13.869153333333333
18:22:20.045575,365.0,0.37472216882316695,0.0,0.37472216882316695,14.46056,13.902503333333332
18:22:20.141603,366.0,0.3823214481183693,0.011580182759529373,0.382146031064805,14.461671666666666,13.939188333333332
18:22:20.237579,367.0,0.22272547700108997,-0.0347368385710797,0.21999997761693024,14.458336666666666,13.96031
18:22:20.334580,368.0,0.3591839910053072,-0.01158055665804097,0.3589972563989738,14.457225,13.994771666666665
18:22:20.421574,369.0,0.3539354753870781,-0.012632498819213108,0.3537099669376869,14.456113333333331,14.025898333333332
18:22:20.531581,370.0,0.1531985414454229,-0.030044705857073386,0.15022352928541816,14.452778333333333,14.042573333333332
18:22:20.646604,371.0,0.2537311251272902,-0.009751679312900776,0.2535436621352206,14.451666666666664,14.071476666666666
18:22:20.750579,372.0,0.28082126816976843,0.010792838088192255,0.2806137902927778,14.452778333333333,14.10038
18:22:20.845600,373.0,0.15098336078087793,-0.011579895161753517,0.15053863710267723,14.451666666666664,14.114831666666666
18:22:20.939579,374.0,0.2958898889944527,-0.011826138430363169,0.2956534607593414,14.450555,14.142623333333333
18:22:21.029589,375.0,0.2809770740223469,0.0,0.2809770740223469,14.450555,14.168191666666665
18:22:21.405604,377.0,0.10554986250577268,-0.017834107453399296,0.10403229347817015,14.443885,14.207099999999999
18:22:21.518581,378.0,0.26872646647239307,-0.019851277020888968,0.2679922397820096,14.441661666666667,14.237114999999998
18:22:21.613574,379.0,0.22123303698935523,-0.02315973280551928,0.22001746165227518,14.439438333333332,14.258236666666667
18:22:21.711603,380.0,0.28341806870039393,-0.05558285626183865,0.2779142813092501,14.43388,14.286028333333332
18:22:21.830581,381.0,0.22594156736235,-0.028024602340464725,0.22419681872367,14.430544999999999,14.312708333333333
18:22:21.948582,382.0,0.13335818697999177,-0.009501377414052416,0.13301928379684722,14.429433333333334,14.328271666666666
18:22:22.076581,383.0,0.2100777967969482,0.0,0.2100777967969482,14.429433333333334,14.354951666666667
18:22:22.202576,384.0,0.22040554162920187,-0.026260266882942432,0.21883555735779886,14.426098333333332,14.382743333333332
18:22:22.313576,385.0,0.12941724786618725,-0.009925849806625706,0.12903604748625266,14.424986666666667,14.397194999999998
18:22:22.422580,386.0,0.19557177860243233,0.0,0.19557177860243233,14.424986666666667,14.418316666666666
18:22:22.533574,387.0,0.24056826702621534,-0.01001498799677465,0.2403597119224037,14.423874999999999,14.444996666666665
18:22:22.646581,388.0,0.1492115715022419,0.009925406095034341,0.1488810914253966,14.424986666666667,14.461671666666666
18:22:22.758582,389.0,0.2242825262485673,0.0,0.2242825262485673,14.424986666666667,14.487239999999998
18:22:22.884576,390.0,0.33097757463852107,-0.0355740797072417,0.3290602372918682,14.420539999999999,14.528371666666665
18:22:23.282581,392.0,0.133995785240653,-0.008358427435326613,0.1337348389652733,14.417205,14.581731666666666
18:22:23.405583,393.0,0.3183866511743867,-0.03615171891193178,0.31632754047941075,14.412758333333333,14.620639999999998
18:22:23.518584,394.0,0.24893215766914717,-0.019851150246683547,0.24813937808356973,14.410535,14.648431666666665
18:22:23.631584,395.0,0.30832333481213253,-0.019850558655133826,0.30768365915458273,14.408311666666666,14.682893333333332
18:22:23.750579,396.0,0.3105325817798455,-0.03736681022486107,0.3082761843549963,14.403864999999998,14.719578333333333
18:22:23.878581,397.0,0.2721131201129587,-0.051707453885448146,0.2671551784081561,14.397194999999998,14.754039999999998
18:22:24.005580,398.0,0.23173800248471438,-0.052108492922065285,0.22580346932896436,14.390524999999998,14.782943333333332
18:22:24.109583,399.0,0.37088863137133443,-0.053962067007388294,0.3669420556501963,14.384966666666665,14.820739999999999
18:22:24.218586,400.0,0.3495284879795979,-0.08234892072343285,0.33968929798418684,14.376073333333332,14.857425
18:22:24.328583,401.0,0.33590713733462624,-0.060088895456602044,0.33048892501133686,14.369403333333333,14.89411
18:22:24.438578,402.0,0.3805675232312503,-0.07074433171999538,0.3739343248056529,14.361621666666666,14.935241666666665
18:22:24.565582,403.0,0.3608986189181479,-0.08753077211405531,0.3501230884562511,14.350505,14.979708333333333
18:22:24.676574,404.0,0.37242340647704036,-0.0787052784934099,0.3640119130320292,14.341611666666667,15.020839999999998
18:22:24.797582,405.0,0.4269585195378483,-0.07473197346076545,0.4203673507167399,14.332718333333332,15.070864999999998
18:22:25.280580,407.0,0.20945717616916004,-0.043730176689793905,0.20484135396798653,14.311596666666665,15.169803333333332
18:22:25.406582,408.0,0.40708209226140113,-0.0781644864659499,0.3995073752703875,14.301591666666665,15.220939999999999
18:22:25.516581,409.0,0.4601768347203614,-0.10198489795679717,0.4487335510099424,14.290474999999999,15.269853333333332
18:22:25.659582,410.0,0.3080320845981101,-0.05441819953594062,0.30318711170022355,14.282693333333333,15.313208333333334
18:22:25.782583,411.0,0.41476282832868655,-0.08134168289080707,0.40670841445402,14.272688333333331,15.363233333333334
18:22:25.910581,412.0,0.3877228780323416,-0.10421950941293992,0.37345324206305697,14.259348333333332,15.411035
18:22:26.022580,413.0,0.39709522519228235,-0.10105807398737283,0.38402068115203397,14.248231666666666,15.453278333333332
18:22:26.126580,414.0,0.47549293834137685,-0.09528699515890604,0.465847531887959,14.238226666666666,15.502191666666665
18:22:26.231581,415.0,0.4777326680596822,-0.10587564111588114,0.46585282090991315,14.22711,15.551105
18:22:26.341574,416.0,0.3581577130967439,-0.10106004531373969,0.34360415406667355,14.215993333333332,15.588901666666665
18:22:26.452582,417.0,0.44877651327656154,-0.06063563291783633,0.44466130806415033,14.209323333333332,15.637814999999998
18:22:26.564582,418.0,0.47899725995680176,-0.04962703047513785,0.47641949256127597,14.203764999999999,15.691175
18:22:26.674580,419.0,0.3521087707614796,-0.06119134029908508,0.3467509283614995,14.197095,15.728971666666665
18:22:26.782581,420.0,0.41114574184313013,-0.05099635296698515,0.4079708237359682,14.191536666666666,15.773438333333331
18:22:27.189579,422.0,0.20615869977899712,-0.027246700691922622,0.20435025518939645,14.180419999999998,15.856813333333331
18:22:27.310582,423.0,0.34042924702274924,-0.018374756443903944,0.33993299421224643,14.178196666666665,15.897944999999998
18:22:27.420577,424.0,0.4249423664533657,-0.020212447153307358,0.42446139021948903,14.175973333333332,15.944635
18:22:27.532605,425.0,0.3410795401958755,-0.04962502337924601,0.33745015897883224,14.170414999999998,15.982431666666667
18:22:27.644578,426.0,0.36076598230201284,-0.04962998859659012,0.3573359178955267,14.164856666666665,16.022451666666665
18:22:27.766581,427.0,0.38366503441780014,-0.027335001885784707,0.38269002640089267,14.161521666666665,16.069141666666663
18:22:27.884582,428.0,0.3067353462487734,-0.05652780760829491,0.3014816405775889,14.154851666666666,16.104715
18:22:27.990579,429.0,0.35510156939504983,-0.06352249984673046,0.3493737491570446,14.148181666666666,16.141399999999997
18:22:28.094580,430.0,0.43730414543216045,-0.0529375801462239,0.434088157198989,14.142623333333333,16.186978333333332
18:22:28.217603,431.0,0.3137297830848582,-0.06326452706038438,0.30728484572184495,14.134841666666665,16.224774999999998
18:22:28.329582,432.0,0.31262862790830837,-0.0688598540184875,0.30495078208193555,14.12706,16.259236666666666
18:22:28.454581,433.0,0.35094805555697234,-0.05336417314740258,0.3468671254580258,14.120389999999999,16.302591666666665
18:22:28.581576,434.0,0.2571903279658756,-0.05210820174972649,0.2518563084570336,14.113719999999999,16.33483
18:22:28.694582,435.0,0.3303392791055918,-0.08011904353192234,0.32047617412770646,14.104826666666666,16.370403333333332
18:22:29.141576,437.0,0.17123551797803804,-0.0024814135893387822,0.17121753766424055,14.103714999999998,16.447108333333333
18:22:29.253581,438.0,0.3229771269321206,-0.04006038221740857,0.3204830577392857,14.099268333333331,16.482681666666664
18:22:29.364580,439.0,0.36845774136814663,-0.029777232472236015,0.36725253382435696,14.095933333333333,16.523813333333333
18:22:29.470583,440.0,0.2985023167456336,0.0,0.2985023167456336,14.095933333333333,16.556051666666665
18:22:29.597577,441.0,0.2585197655259899,-0.017786700592104708,0.2579071585855259,14.09371,16.588289999999997
18:22:29.714577,442.0,0.3557354590876721,-0.028749070177067713,0.3545718655170922,14.090375,16.629421666666666
18:22:29.829576,443.0,0.25892754881315516,0.009583338533335204,0.2587501403998544,14.091486666666666,16.659436666666668
18:22:29.938582,444.0,0.2163289168810565,-0.030593528818674512,0.21415470173066942,14.088151666666667,16.682781666666667
18:22:30.046581,445.0,0.31036372800177,-0.030882345185404805,0.30882345185397786,14.084816666666665,16.716131666666666
18:22:30.161581,446.0,0.2147521716283153,-0.009751393790833968,0.21453066339853025,14.083705,16.74058833333333
18:22:30.270580,447.0,0.24667881161457883,-0.03059674092740205,0.24477392741916426,14.080369999999998,16.76726833333333
18:22:30.405580,448.0,0.2471760053088298,-0.00823462665443793,0.24703879963336256,14.079258333333334,16.800618333333333
18:22:30.509576,449.0,0.2567596513402445,-0.010689044145412477,0.25653705948969896,14.078146666666665,16.82729833333333
18:22:30.630582,450.0,0.20977248297358012,-0.009111934389913087,0.20957449096818745,14.077035,16.852866666666664
18:22:31.093579,452.0,0.13476161642030282,0.0024060738451841686,0.13474013533043655,14.078146666666665,16.915119999999998
18:22:31.206582,453.0,0.2706551854886776,-0.010017397840536131,0.27046974169473176,14.077035,16.945135
18:22:31.297603,454.0,0.39464269969640586,-0.011953382708969333,0.3944616293956618,14.075923333333332,16.98182
18:22:31.390579,455.0,0.3056452844606353,0.012216042450483584,0.3054010612618605,14.077035,17.009611666666668
18:22:31.486578,456.0,0.34802396766539473,0.0,0.34802396766539473,14.077035,17.044073333333333
18:22:31.598584,457.0,0.40080991709899383,0.010017118067034234,0.4006847226817281,14.078146666666665,17.08854
18:22:31.714603,458.0,0.3588359230029632,0.02899963686195982,0.35766218796409416,14.081481666666667,17.129671666666667
18:22:31.826603,459.0,0.4070791378504661,-0.009925807546685012,0.4069581094137638,14.080369999999998,17.17525
18:22:31.920603,460.0,0.4799024244383677,-0.011701457194066353,0.47975974495715945,14.079258333333334,17.220828333333333
18:22:32.017580,461.0,0.359720384095663,0.0231596177703811,0.358974075440917,14.081481666666667,17.25529
18:22:32.125579,462.0,0.39828727942116715,-0.020398184229616884,0.39776459247757273,14.079258333333334,17.298645
18:22:32.221575,463.0,0.4864898085139848,0.011579808885180677,0.48635197317802287,14.080369999999998,17.345335
18:22:32.316603,464.0,0.39056902955638295,0.05850934166552304,0.38616165499241617,14.085928333333333,17.38202
18:22:32.421577,465.0,0.30720440991424847,-0.010586963113670658,0.3070219302961783,14.084816666666665,17.41425833333333
18:22:32.781603,467.0,0.17292471655761368,0.0,0.17292471655761368,14.084816666666665,17.476511666666664
18:22:32.886581,468.0,0.3077707664794059,-0.021175272471849374,0.30704145084184303,14.082593333333332,17.50875
18:22:32.982580,469.0,0.3808755654326234,-0.04583127764316686,0.3781080405561558,14.078146666666665,17.545435
18:22:33.093580,470.0,0.2577032828310245,-0.0505397718412528,0.2526988592062123,14.072588333333332,17.573226666666663
18:22:33.204579,471.0,0.24078026170375325,-0.0701059700462255,0.23034818729481166,14.064806666666666,17.598795
18:22:33.315579,472.0,0.3595761552193014,-0.08012248541165828,0.35053587367593886,14.055913333333331,17.63770333333333
18:22:33.421579,473.0,0.39490656528657586,-0.07340984016666517,0.38802344088101853,14.048131666666666,17.678835
18:22:33.517603,474.0,0.3260903789401299,-0.09263847108154416,0.31265483990015475,14.039238333333332,17.708849999999998
18:22:33.613579,475.0,0.4522161007350498,-0.10422060946835095,0.44004257331087654,14.029233333333332,17.75109333333333
18:22:33.717575,476.0,0.4064084408936052,-0.07554794300960771,0.39932484162219123,14.021451666666666,17.792225
18:22:33.808581,477.0,0.295209364453769,-0.12215850419624305,0.26874870923175553,14.010335,17.816681666666668
18:22:33.910581,478.0,0.3525813140876769,-0.0855135293884035,0.34205411755354115,14.001441666666665,17.852254999999996
18:22:34.030579,479.0,0.31513664440666395,-0.06539217992126341,0.30827741962887467,13.99366,17.888939999999998
18:22:34.158579,480.0,0.23203615229412977,-0.060323244477387634,0.2240577652017129,13.985878333333332,17.91784333333333
18:22:34.614577,482.0,0.16867005364609727,-0.039177783082986355,0.16405696665999833,13.968091666666664,17.992324999999997
18:22:34.732580,483.0,0.28583084231393574,-0.07601070952999607,0.27553882204626007,13.959198333333331,18.024563333333333
18:22:34.859579,484.0,0.3070539549570067,-0.04342398674805586,0.30396790723634654,13.953639999999998,18.063471666666665
18:22:34.986579,485.0,0.2536011488740119,-0.043088589227969064,0.24991381752228525,13.948081666666667,18.09571
18:22:35.109575,486.0,0.18155507092777007,-0.05467192686439389,0.17312776840392177,13.941411666666667,18.116831666666666
18:22:35.221575,487.0,0.32994983373805187,-0.03970331470645844,0.3275523463281678,13.936964999999999,18.15351666666667
18:22:35.334581,488.0,0.2931924122713256,-0.019502869157365866,0.2925430373605046,13.934741666666666,18.186866666666667
18:22:35.437578,489.0,0.2291276144809693,-0.010898489217983965,0.2288682735778491,13.933629999999999,18.210211666666666
18:22:35.541577,490.0,0.32067205949441663,0.0,0.32067205949441663,13.933629999999999,18.243561666666665
18:22:35.652604,491.0,0.2658113189081206,-0.009838118295118943,0.2656291939679934,13.932518333333332,18.273576666666663
18:22:35.765583,492.0,0.24117629264545234,-0.04918893087598618,0.23610686820480747,13.92696,18.300256666666666
18:22:35.876579,493.0,0.35498558084030335,-0.030316173765297178,0.35368869392837515,13.923625,18.339164999999998
18:22:36.004582,494.0,0.2813007517192,-0.04342633246903403,0.27792852780180005,13.918066666666665,18.374738333333333
18:22:36.126581,495.0,0.23851586144816372,-0.06431101395759485,0.22968219270571605,13.910285,18.40253
18:22:36.576580,497.0,0.17655211034783763,-0.044565618639308496,0.17083487145068116,13.890274999999999,18.479235
18:22:36.686583,498.0,0.18483717115664136,-0.07870311968209982,0.16724412932445373,13.881381666666666,18.49813333333333
18:22:36.841579,499.0,0.16434470241834676,-0.058505946175431776,0.1535781087104944,13.872488333333331,18.52147833333333
18:22:36.984580,500.0,0.20512805723379698,-0.06948086647404011,0.19300240687237166,13.862483333333333,18.54927
18:22:37.092581,501.0,0.2692525680371935,-0.11218535078509832,0.24476803807655917,13.850254999999999,18.57595
18:22:37.202583,502.0,0.2800550364048056,-0.05099501438928707,0.27537307770211195,13.844696666666666,18.605964999999998
18:22:37.312583,503.0,0.2879274527909936,-0.11218805006711768,0.26517175470409315,13.832468333333331,18.63486833333333
18:22:37.416580,504.0,0.3261536599410833,-0.07411177077702631,0.31762187475874093,13.824686666666667,18.668218333333332
18:22:37.524580,505.0,0.2774301300055298,-0.08158827527579161,0.2651618946462836,13.815793333333332,18.697121666666664
18:22:37.634581,506.0,0.3810528588771032,-0.10198645945659637,0.3671512540437817,13.804676666666666,18.737141666666666
18:22:37.766584,507.0,0.22997207896337424,-0.07522629642709534,0.21732041190049134,13.794671666666666,18.766045000000002
18:22:37.876584,508.0,0.3245388716182109,-0.12903906915684496,0.29778246728502417,13.780219999999998,18.799395
18:22:37.988580,509.0,0.4733606498338449,-0.13137635041390255,0.45476428989427414,13.765768333333332,18.84942
18:22:38.094579,510.0,0.3647899436460877,-0.12466443272484312,0.34282718999330974,13.752428333333333,18.886104999999997
18:22:38.518576,512.0,0.1897726182366799,-0.06865493092185676,0.17691847583709208,13.723524999999999,18.960586666666664
18:22:38.629582,513.0,0.32701281589190706,-0.08853727349832603,0.3147991946607185,13.713519999999999,18.99616
18:22:38.750580,514.0,0.22205952263874018,-0.08407902897604415,0.20552651527477103,13.703514999999998,19.020616666666665
