<?xml version="1.0"?>
<opencv_storage>
<cascade>
  <stageType>BOOST</stageType>
  <featureType>HAAR</featureType>
  <height>13</height>
  <width>52</width>
  <stageParams>
    <boostType>GAB</boostType>
    <minHitRate>9.9500000476837158e-01</minHitRate>
    <maxFalseAlarm>5.0000000000000000e-01</maxFalseAlarm>
    <weightTrimRate>9.4999999999999996e-01</weightTrimRate>
    <maxDepth>1</maxDepth>
    <maxWeakCount>100</maxWeakCount></stageParams>
  <featureParams>
    <maxCatCount>0</maxCatCount>
    <featSize>1</featSize>
    <mode>BASIC</mode></featureParams>
  <stageNum>10</stageNum>
  <stages>
    <!-- stage 0 -->
    <_>
      <maxWeakCount>11</maxWeakCount>
      <stageThreshold>-1.1044775247573853e+00</stageThreshold>
      <weakClassifiers>
        <_>
          <internalNodes>
            0 -1 183 6.2622323632240295e-02</internalNodes>
          <leafValues>
            -4.9925260245800018e-02 8.7770700454711914e-01</leafValues></_>
        <_>
          <internalNodes>
            0 -1 5 3.6591313779354095e-02</internalNodes>
          <leafValues>
            -1.7842268943786621e-01 6.5996259450912476e-01</leafValues></_>
        <_>
          <internalNodes>
            0 -1 130 -4.4897139072418213e-02</internalNodes>
          <leafValues>
            7.6211285591125488e-01 -1.8564762175083160e-01</leafValues></_>
        <_>
          <internalNodes>
            0 -1 80 2.1458229422569275e-01</internalNodes>
          <leafValues>
            -1.2992842495441437e-01 8.3050119876861572e-01</leafValues></_>
        <_>
          <internalNodes>
            0 -1 114 3.9632186293601990e-02</internalNodes>
          <leafValues>
            -2.3377519845962524e-01 5.7653641700744629e-01</leafValues></_>
        <_>
          <internalNodes>
            0 -1 42 2.1260492503643036e-02</internalNodes>
          <leafValues>
            2.5981411337852478e-01 -5.9814614057540894e-01</leafValues></_>
        <_>
          <internalNodes>
            0 -1 3 4.3816182762384415e-02</internalNodes>
          <leafValues>
            -1.8130096793174744e-01 7.5965666770935059e-01</leafValues></_>
        <_>
          <internalNodes>
            0 -1 18 1.2192803621292114e-01</internalNodes>
          <leafValues>
            -1.3648192584514618e-01 6.9689524173736572e-01</leafValues></_>
        <_>
          <internalNodes>
            0 -1 8 -3.6686919629573822e-02</internalNodes>
          <leafValues>
            7.1717238426208496e-01 -1.3121707737445831e-01</leafValues></_>
        <_>
          <internalNodes>
            0 -1 70 -1.4093263307586312e-03</internalNodes>
          <leafValues>
            -6.5002936124801636e-01 1.5651482343673706e-01</leafValues></_>
        <_>
          <internalNodes>
            0 -1 91 -3.2470468431711197e-03</internalNodes>
          <leafValues>
            2.7223700284957886e-01 -3.3595255017280579e-01</leafValues></_></weakClassifiers></_>
    <!-- stage 1 -->
    <_>
      <maxWeakCount>12</maxWeakCount>
      <stageThreshold>-9.6279221773147583e-01</stageThreshold>
      <weakClassifiers>
        <_>
          <internalNodes>
            0 -1 85 6.9525986909866333e-02</internalNodes>
          <leafValues>
            -1.2604479491710663e-01 8.4053158760070801e-01</leafValues></_>
        <_>
          <internalNodes>
            0 -1 164 -4.6707885339856148e-03</internalNodes>
          <leafValues>
            6.6190516948699951e-01 -1.2850064039230347e-01</leafValues></_>
        <_>
          <internalNodes>
            0 -1 193 -7.8128669410943985e-03</internalNodes>
          <leafValues>
            7.3439294099807739e-01 -1.3754634559154510e-01</leafValues></_>
        <_>
          <internalNodes>
            0 -1 105 -4.1480034589767456e-02</internalNodes>
          <leafValues>
            7.4133878946304321e-01 -1.8332546949386597e-01</leafValues></_>
        <_>
          <internalNodes>
            0 -1 88 1.1400885134935379e-01</internalNodes>
          <leafValues>
            -2.0451913774013519e-01 6.9504076242446899e-01</leafValues></_>
        <_>
          <internalNodes>
            0 -1 6 1.0370047390460968e-01</internalNodes>
          <leafValues>
            -1.1895757913589478e-01 7.3079413175582886e-01</leafValues></_>
        <_>
          <internalNodes>
            0 -1 54 5.2047036588191986e-03</internalNodes>
          <leafValues>
            -4.2145228385925293e-01 3.1263816356658936e-01</leafValues></_>
        <_>
          <internalNodes>
            0 -1 146 -1.1383078992366791e-02</internalNodes>
          <leafValues>
            8.0121219158172607e-01 -1.4845824241638184e-01</leafValues></_>
        <_>
          <internalNodes>
            0 -1 120 -7.8455395996570587e-03</internalNodes>
          <leafValues>
            6.6732227802276611e-01 -1.6334433853626251e-01</leafValues></_>
        <_>
          <internalNodes>
            0 -1 156 -5.0290497019886971e-03</internalNodes>
          <leafValues>
            6.5135699510574341e-01 -1.2633441388607025e-01</leafValues></_>
        <_>
          <internalNodes>
            0 -1 92 -5.4651819169521332e-02</internalNodes>
          <leafValues>
            -8.8994377851486206e-01 1.3156396150588989e-01</leafValues></_>
        <_>
          <internalNodes>
            0 -1 77 1.7635272815823555e-02</internalNodes>
          <leafValues>
            1.6113853454589844e-01 -5.4704105854034424e-01</leafValues></_></weakClassifiers></_>
    <!-- stage 2 -->
    <_>
      <maxWeakCount>13</maxWeakCount>
      <stageThreshold>-9.0367120504379272e-01</stageThreshold>
      <weakClassifiers>
        <_>
          <internalNodes>
            0 -1 192 -1.9905071239918470e-03</internalNodes>
          <leafValues>
            7.4294871091842651e-01 -1.6201549768447876e-01</leafValues></_>
        <_>
          <internalNodes>
            0 -1 28 2.5141313672065735e-03</internalNodes>
          <leafValues>
            -3.1205910444259644e-01 4.8855191469192505e-01</leafValues></_>
        <_>
          <internalNodes>
            0 -1 164 -3.1671947799623013e-03</internalNodes>
          <leafValues>
            4.7401213645935059e-01 -2.5190272927284241e-01</leafValues></_>
        <_>
          <internalNodes>
            0 -1 157 4.9267299473285675e-03</internalNodes>
          <leafValues>
            -1.6536463797092438e-01 7.1739661693572998e-01</leafValues></_>
        <_>
          <internalNodes>
            0 -1 142 -2.3941989056766033e-03</internalNodes>
          <leafValues>
            5.5652689933776855e-01 -2.4574579298496246e-01</leafValues></_>
        <_>
          <internalNodes>
            0 -1 73 4.3080230243504047e-03</internalNodes>
          <leafValues>
            -2.0789730548858643e-01 5.2539515495300293e-01</leafValues></_>
        <_>
          <internalNodes>
            0 -1 84 -3.0984457116574049e-03</internalNodes>
          <leafValues>
            4.6578952670097351e-01 -2.2160921990871429e-01</leafValues></_>
        <_>
          <internalNodes>
            0 -1 60 1.3259192928671837e-03</internalNodes>
          <leafValues>
            -1.4931277930736542e-01 5.5077767372131348e-01</leafValues></_>
        <_>
          <internalNodes>
            0 -1 58 1.0286249744240195e-04</internalNodes>
          <leafValues>
            -2.6888060569763184e-01 3.5003796219825745e-01</leafValues></_>
        <_>
          <internalNodes>
            0 -1 64 -8.1234738230705261e-02</internalNodes>
          <leafValues>
            -7.1867102384567261e-01 1.6424416005611420e-01</leafValues></_>
        <_>
          <internalNodes>
            0 -1 2 2.2966241836547852e-01</internalNodes>
          <leafValues>
            1.4709539711475372e-01 -5.4814237356185913e-01</leafValues></_>
        <_>
          <internalNodes>
            0 -1 49 6.0098087415099144e-03</internalNodes>
          <leafValues>
            -1.7651322484016418e-01 4.7363206744194031e-01</leafValues></_>
        <_>
          <internalNodes>
            0 -1 206 4.9207056872546673e-04</internalNodes>
          <leafValues>
            -2.2690518200397491e-01 3.2737156748771667e-01</leafValues></_></weakClassifiers></_>
    <!-- stage 3 -->
    <_>
      <maxWeakCount>26</maxWeakCount>
      <stageThreshold>-9.9219310283660889e-01</stageThreshold>
      <weakClassifiers>
        <_>
          <internalNodes>
            0 -1 66 4.9495217390358448e-03</internalNodes>
          <leafValues>
            -1.0454156249761581e-01 6.3695782423019409e-01</leafValues></_>
        <_>
          <internalNodes>
            0 -1 194 3.4071512520313263e-02</internalNodes>
          <leafValues>
            -1.2559439241886139e-01 6.5629112720489502e-01</leafValues></_>
        <_>
          <internalNodes>
            0 -1 184 -4.4702328741550446e-03</internalNodes>
          <leafValues>
            4.7237977385520935e-01 -1.4225463569164276e-01</leafValues></_>
        <_>
          <internalNodes>
            0 -1 177 -4.8373341560363770e-03</internalNodes>
          <leafValues>
            4.6341833472251892e-01 -1.6287592053413391e-01</leafValues></_>
        <_>
          <internalNodes>
            0 -1 158 -6.8356329575181007e-03</internalNodes>
          <leafValues>
            5.3134578466415405e-01 -1.7444710433483124e-01</leafValues></_>
        <_>
          <internalNodes>
            0 -1 61 4.8901114612817764e-02</internalNodes>
          <leafValues>
            1.0554841160774231e-01 -7.9649806022644043e-01</leafValues></_>
        <_>
          <internalNodes>
            0 -1 125 -3.0842474661767483e-03</internalNodes>
          <leafValues>
            4.4506484270095825e-01 -1.5092417597770691e-01</leafValues></_>
        <_>
          <internalNodes>
            0 -1 53 4.7990689054131508e-03</internalNodes>
          <leafValues>
            -1.3161838054656982e-01 4.1397649049758911e-01</leafValues></_>
        <_>
          <internalNodes>
            0 -1 108 -8.5853943601250648e-03</internalNodes>
          <leafValues>
            4.7384232282638550e-01 -1.3690508902072906e-01</leafValues></_>
        <_>
          <internalNodes>
            0 -1 119 -2.9999688267707825e-03</internalNodes>
          <leafValues>
            4.5380792021751404e-01 -1.2668702006340027e-01</leafValues></_>
        <_>
          <internalNodes>
            0 -1 199 3.2535952050238848e-04</internalNodes>
          <leafValues>
            1.2327975034713745e-01 -5.1143735647201538e-01</leafValues></_>
        <_>
          <internalNodes>
            0 -1 134 1.4017205685377121e-03</internalNodes>
          <leafValues>
            -1.0641974955797195e-01 5.6006681919097900e-01</leafValues></_>
        <_>
          <internalNodes>
            0 -1 140 8.3258090307936072e-04</internalNodes>
          <leafValues>
            -1.3774347305297852e-01 4.3631392717361450e-01</leafValues></_>
        <_>
          <internalNodes>
            0 -1 203 5.9294444508850574e-04</internalNodes>
          <leafValues>
            1.1174969375133514e-01 -5.7789397239685059e-01</leafValues></_>
        <_>
          <internalNodes>
            0 -1 132 -7.5691519305109978e-04</internalNodes>
          <leafValues>
            4.7132968902587891e-01 -1.2661418318748474e-01</leafValues></_>
        <_>
          <internalNodes>
            0 -1 197 -6.4656592439860106e-04</internalNodes>
          <leafValues>
            -4.9307408928871155e-01 1.3005255162715912e-01</leafValues></_>
        <_>
          <internalNodes>
            0 -1 76 -2.5130897760391235e-02</internalNodes>
          <leafValues>
            -7.7234137058258057e-01 5.8800909668207169e-02</leafValues></_>
        <_>
          <internalNodes>
            0 -1 13 1.6339119523763657e-02</internalNodes>
          <leafValues>
            -1.6835065186023712e-01 3.3682259917259216e-01</leafValues></_>
        <_>
          <internalNodes>
            0 -1 1 -9.0834666043519974e-03</internalNodes>
          <leafValues>
            2.8635126352310181e-01 -1.7619496583938599e-01</leafValues></_>
        <_>
          <internalNodes>
            0 -1 11 6.8357333540916443e-02</internalNodes>
          <leafValues>
            -1.3772380352020264e-01 3.9513975381851196e-01</leafValues></_>
        <_>
          <internalNodes>
            0 -1 50 -9.2502184212207794e-02</internalNodes>
          <leafValues>
            4.4089657068252563e-01 -1.4357978105545044e-01</leafValues></_>
        <_>
          <internalNodes>
            0 -1 148 1.7517881933599710e-03</internalNodes>
          <leafValues>
            1.3746502995491028e-01 -3.9383706450462341e-01</leafValues></_>
        <_>
          <internalNodes>
            0 -1 207 7.4279331602156162e-04</internalNodes>
          <leafValues>
            -1.3089990615844727e-01 4.3401941657066345e-01</leafValues></_>
        <_>
          <internalNodes>
            0 -1 149 -1.7146011814475060e-03</internalNodes>
          <leafValues>
            -4.0644556283950806e-01 1.3643975555896759e-01</leafValues></_>
        <_>
          <internalNodes>
            0 -1 207 -4.8061824054457247e-04</internalNodes>
          <leafValues>
            4.0375444293022156e-01 -1.4861482381820679e-01</leafValues></_>
        <_>
          <internalNodes>
            0 -1 90 1.0488969564903527e-05</internalNodes>
          <leafValues>
            -2.6615116000175476e-01 2.0359686017036438e-01</leafValues></_></weakClassifiers></_>
    <!-- stage 4 -->
    <_>
      <maxWeakCount>25</maxWeakCount>
      <stageThreshold>-9.3339926004409790e-01</stageThreshold>
      <weakClassifiers>
        <_>
          <internalNodes>
            0 -1 190 5.0583776086568832e-02</internalNodes>
          <leafValues>
            1.4211886562407017e-02 7.1274960041046143e-01</leafValues></_>
        <_>
          <internalNodes>
            0 -1 187 3.9900289848446846e-03</internalNodes>
          <leafValues>
            -1.7779159545898438e-01 4.5956486463546753e-01</leafValues></_>
        <_>
          <internalNodes>
            0 -1 23 6.2456089071929455e-03</internalNodes>
          <leafValues>
            -1.9490407407283783e-01 3.8192456960678101e-01</leafValues></_>
        <_>
          <internalNodes>
            0 -1 82 -7.4251885525882244e-03</internalNodes>
          <leafValues>
            4.4542446732521057e-01 -2.0278038084506989e-01</leafValues></_>
        <_>
          <internalNodes>
            0 -1 143 -6.2793558463454247e-03</internalNodes>
          <leafValues>
            5.3743743896484375e-01 -1.0022077709436417e-01</leafValues></_>
        <_>
          <internalNodes>
            0 -1 156 -3.3853268250823021e-03</internalNodes>
          <leafValues>
            4.3742012977600098e-01 -2.3707571625709534e-01</leafValues></_>
        <_>
          <internalNodes>
            0 -1 124 -6.7301979288458824e-04</internalNodes>
          <leafValues>
            4.7015577554702759e-01 -1.2220536917448044e-01</leafValues></_>
        <_>
          <internalNodes>
            0 -1 17 2.4908757768571377e-03</internalNodes>
          <leafValues>
            1.4071871340274811e-01 -4.7230303287506104e-01</leafValues></_>
        <_>
          <internalNodes>
            0 -1 124 4.9663137178868055e-04</internalNodes>
          <leafValues>
            -1.7252531647682190e-01 3.6716157197952271e-01</leafValues></_>
        <_>
          <internalNodes>
            0 -1 126 -2.0457025617361069e-02</internalNodes>
          <leafValues>
            -6.8394744396209717e-01 1.0780631005764008e-01</leafValues></_>
        <_>
          <internalNodes>
            0 -1 117 8.8245235383510590e-03</internalNodes>
          <leafValues>
            -1.2552843987941742e-01 5.6047743558883667e-01</leafValues></_>
        <_>
          <internalNodes>
            0 -1 78 1.2186239473521709e-04</internalNodes>
          <leafValues>
            -2.7054679393768311e-01 2.2476430237293243e-01</leafValues></_>
        <_>
          <internalNodes>
            0 -1 189 4.6272051986306906e-04</internalNodes>
          <leafValues>
            8.8044144213199615e-02 -5.4979902505874634e-01</leafValues></_>
        <_>
          <internalNodes>
            0 -1 72 9.8510971292853355e-04</internalNodes>
          <leafValues>
            -1.6003449261188507e-01 3.6665073037147522e-01</leafValues></_>
        <_>
          <internalNodes>
            0 -1 72 -1.2531867250800133e-03</internalNodes>
          <leafValues>
            4.1791066527366638e-01 -1.3142155110836029e-01</leafValues></_>
        <_>
          <internalNodes>
            0 -1 189 -1.8973328405991197e-04</internalNodes>
          <leafValues>
            -3.6054888367652893e-01 1.4986208081245422e-01</leafValues></_>
        <_>
          <internalNodes>
            0 -1 115 4.4777458533644676e-03</internalNodes>
          <leafValues>
            -9.0917192399501801e-02 5.8128601312637329e-01</leafValues></_>
        <_>
          <internalNodes>
            0 -1 26 2.8144001960754395e-02</internalNodes>
          <leafValues>
            -7.3854021728038788e-02 6.5793222188949585e-01</leafValues></_>
        <_>
          <internalNodes>
            0 -1 104 -2.3947395384311676e-02</internalNodes>
          <leafValues>
            4.0479090809822083e-01 -1.2657801806926727e-01</leafValues></_>
        <_>
          <internalNodes>
            0 -1 135 -7.3369860183447599e-04</internalNodes>
          <leafValues>
            4.6434345841407776e-01 -1.1406536400318146e-01</leafValues></_>
        <_>
          <internalNodes>
            0 -1 136 8.8839128147810698e-04</internalNodes>
          <leafValues>
            -1.2298825383186340e-01 4.4240310788154602e-01</leafValues></_>
        <_>
          <internalNodes>
            0 -1 163 1.1259795725345612e-01</internalNodes>
          <leafValues>
            -1.2501032650470734e-01 4.3760967254638672e-01</leafValues></_>
        <_>
          <internalNodes>
            0 -1 9 4.5783256064169109e-04</internalNodes>
          <leafValues>
            1.0043228417634964e-01 -5.6039553880691528e-01</leafValues></_>
        <_>
          <internalNodes>
            0 -1 141 -1.0326062329113483e-03</internalNodes>
          <leafValues>
            5.0007784366607666e-01 -1.2181587517261505e-01</leafValues></_>
        <_>
          <internalNodes>
            0 -1 71 3.6207329481840134e-02</internalNodes>
          <leafValues>
            1.0910887271165848e-01 -6.0299962759017944e-01</leafValues></_></weakClassifiers></_>
    <!-- stage 5 -->
    <_>
      <maxWeakCount>27</maxWeakCount>
      <stageThreshold>-1.0748244524002075e+00</stageThreshold>
      <weakClassifiers>
        <_>
          <internalNodes>
            0 -1 57 1.3137023895978928e-02</internalNodes>
          <leafValues>
            -1.4203375577926636e-01 6.8633443117141724e-01</leafValues></_>
        <_>
          <internalNodes>
            0 -1 19 1.3121160678565502e-02</internalNodes>
          <leafValues>
            -1.8041130900382996e-01 4.9532267451286316e-01</leafValues></_>
        <_>
          <internalNodes>
            0 -1 186 2.5121176149696112e-03</internalNodes>
          <leafValues>
            -2.1888090670108795e-01 3.9658573269844055e-01</leafValues></_>
        <_>
          <internalNodes>
            0 -1 176 7.5194751843810081e-04</internalNodes>
          <leafValues>
            -1.6830272972583771e-01 4.2081990838050842e-01</leafValues></_>
        <_>
          <internalNodes>
            0 -1 55 2.8647135943174362e-02</internalNodes>
          <leafValues>
            -9.6866637468338013e-02 6.1718291044235229e-01</leafValues></_>
        <_>
          <internalNodes>
            0 -1 37 2.1584752947092056e-02</internalNodes>
          <leafValues>
            -1.7111453413963318e-01 4.2839640378952026e-01</leafValues></_>
        <_>
          <internalNodes>
            0 -1 167 1.1464300332590938e-03</internalNodes>
          <leafValues>
            -1.3854286074638367e-01 4.0094166994094849e-01</leafValues></_>
        <_>
          <internalNodes>
            0 -1 40 2.3965565560502000e-05</internalNodes>
          <leafValues>
            -2.0754966139793396e-01 2.5762382149696350e-01</leafValues></_>
        <_>
          <internalNodes>
            0 -1 139 3.4569419221952558e-04</internalNodes>
          <leafValues>
            1.2027219682931900e-01 -4.6079570055007935e-01</leafValues></_>
        <_>
          <internalNodes>
            0 -1 152 2.0302396733313799e-03</internalNodes>
          <leafValues>
            -1.3048428297042847e-01 4.2310279607772827e-01</leafValues></_>
        <_>
          <internalNodes>
            0 -1 154 -5.6195043725892901e-04</internalNodes>
          <leafValues>
            4.2992901802062988e-01 -1.3222771883010864e-01</leafValues></_>
        <_>
          <internalNodes>
            0 -1 185 1.3094097375869751e-02</internalNodes>
          <leafValues>
            -1.2461829930543900e-01 4.0365976095199585e-01</leafValues></_>
        <_>
          <internalNodes>
            0 -1 150 -7.9930841922760010e-02</internalNodes>
          <leafValues>
            5.5931085348129272e-01 -1.1615809053182602e-01</leafValues></_>
        <_>
          <internalNodes>
            0 -1 205 -1.5570488758385181e-03</internalNodes>
          <leafValues>
            3.6145752668380737e-01 -1.3537184894084930e-01</leafValues></_>
        <_>
          <internalNodes>
            0 -1 113 -9.6099535003304482e-03</internalNodes>
          <leafValues>
            -7.0007842779159546e-01 7.4490346014499664e-02</leafValues></_>
        <_>
          <internalNodes>
            0 -1 153 7.5587071478366852e-04</internalNodes>
          <leafValues>
            -1.3960549235343933e-01 3.9221972227096558e-01</leafValues></_>
        <_>
          <internalNodes>
            0 -1 128 -8.1808248069137335e-04</internalNodes>
          <leafValues>
            -4.0536326169967651e-01 1.2967500090599060e-01</leafValues></_>
        <_>
          <internalNodes>
            0 -1 1 -9.3418257310986519e-03</internalNodes>
          <leafValues>
            2.6992392539978027e-01 -1.9108223915100098e-01</leafValues></_>
        <_>
          <internalNodes>
            0 -1 133 2.3455493152141571e-02</internalNodes>
          <leafValues>
            8.2184746861457825e-02 -7.5937718152999878e-01</leafValues></_>
        <_>
          <internalNodes>
            0 -1 60 6.8601791281253099e-04</internalNodes>
          <leafValues>
            -1.7814515531063080e-01 2.7742087841033936e-01</leafValues></_>
        <_>
          <internalNodes>
            0 -1 211 4.7074747271835804e-04</internalNodes>
          <leafValues>
            -2.1091598272323608e-01 2.4284951388835907e-01</leafValues></_>
        <_>
          <internalNodes>
            0 -1 99 -4.1384849697351456e-02</internalNodes>
          <leafValues>
            3.6222270131111145e-01 -1.4124646782875061e-01</leafValues></_>
        <_>
          <internalNodes>
            0 -1 188 -2.5219675153493881e-03</internalNodes>
          <leafValues>
            3.2214692234992981e-01 -1.7257362604141235e-01</leafValues></_>
        <_>
          <internalNodes>
            0 -1 129 7.3685334064066410e-04</internalNodes>
          <leafValues>
            1.4975146949291229e-01 -3.5512861609458923e-01</leafValues></_>
        <_>
          <internalNodes>
            0 -1 200 2.2854481358081102e-05</internalNodes>
          <leafValues>
            -2.7777418494224548e-01 1.7220626771450043e-01</leafValues></_>
        <_>
          <internalNodes>
            0 -1 81 -8.0705145373940468e-03</internalNodes>
          <leafValues>
            4.0692177414894104e-01 -1.1041842401027679e-01</leafValues></_>
        <_>
          <internalNodes>
            0 -1 15 3.2596126198768616e-02</internalNodes>
          <leafValues>
            -2.0212133228778839e-01 2.5127997994422913e-01</leafValues></_></weakClassifiers></_>
    <!-- stage 6 -->
    <_>
      <maxWeakCount>25</maxWeakCount>
      <stageThreshold>-8.4914988279342651e-01</stageThreshold>
      <weakClassifiers>
        <_>
          <internalNodes>
            0 -1 182 4.0075220167636871e-02</internalNodes>
          <leafValues>
            -8.3182640373706818e-03 6.5519589185714722e-01</leafValues></_>
        <_>
          <internalNodes>
            0 -1 45 1.6424447298049927e-02</internalNodes>
          <leafValues>
            -2.0974001288414001e-01 3.9944118261337280e-01</leafValues></_>
        <_>
          <internalNodes>
            0 -1 14 -1.5733179450035095e-01</internalNodes>
          <leafValues>
            6.2405449151992798e-01 -1.0820981860160828e-01</leafValues></_>
        <_>
          <internalNodes>
            0 -1 24 1.0154343396425247e-01</internalNodes>
          <leafValues>
            -2.1412239968776703e-01 4.7627449035644531e-01</leafValues></_>
        <_>
          <internalNodes>
            0 -1 103 -8.7019993225112557e-04</internalNodes>
          <leafValues>
            -6.0862725973129272e-01 1.3236550986766815e-01</leafValues></_>
        <_>
          <internalNodes>
            0 -1 198 1.9744020391954109e-05</internalNodes>
          <leafValues>
            -3.1107521057128906e-01 1.7935238778591156e-01</leafValues></_>
        <_>
          <internalNodes>
            0 -1 110 -4.3831061339005828e-04</internalNodes>
          <leafValues>
            -4.9318781495094299e-01 1.0441802442073822e-01</leafValues></_>
        <_>
          <internalNodes>
            0 -1 79 4.6325758099555969e-02</internalNodes>
          <leafValues>
            -1.2813231348991394e-01 4.3737122416496277e-01</leafValues></_>
        <_>
          <internalNodes>
            0 -1 159 3.4174154279753566e-04</internalNodes>
          <leafValues>
            1.2011747807264328e-01 -4.5550441741943359e-01</leafValues></_>
        <_>
          <internalNodes>
            0 -1 4 -1.6526106745004654e-02</internalNodes>
          <leafValues>
            3.0613625049591064e-01 -1.5858440101146698e-01</leafValues></_>
        <_>
          <internalNodes>
            0 -1 96 1.1845750123029575e-05</internalNodes>
          <leafValues>
            -2.3203210532665253e-01 2.1225002408027649e-01</leafValues></_>
        <_>
          <internalNodes>
            0 -1 213 -1.4779192861169577e-03</internalNodes>
          <leafValues>
            3.1533342599868774e-01 -1.4677748084068298e-01</leafValues></_>
        <_>
          <internalNodes>
            0 -1 165 1.3474435545504093e-03</internalNodes>
          <leafValues>
            6.3328161835670471e-02 -6.5967947244644165e-01</leafValues></_>
        <_>
          <internalNodes>
            0 -1 212 3.8572882767766714e-03</internalNodes>
          <leafValues>
            -1.7885205149650574e-01 2.6207280158996582e-01</leafValues></_>
        <_>
          <internalNodes>
            0 -1 102 -1.8844588194042444e-03</internalNodes>
          <leafValues>
            -6.1414170265197754e-01 7.9754993319511414e-02</leafValues></_>
        <_>
          <internalNodes>
            0 -1 75 1.0962249943986535e-03</internalNodes>
          <leafValues>
            -2.3085887730121613e-01 1.9838392734527588e-01</leafValues></_>
        <_>
          <internalNodes>
            0 -1 63 1.1983098462224007e-02</internalNodes>
          <leafValues>
            -1.2018044292926788e-01 3.7916868925094604e-01</leafValues></_>
        <_>
          <internalNodes>
            0 -1 107 7.6988805085420609e-03</internalNodes>
          <leafValues>
            -9.1393142938613892e-02 4.5705866813659668e-01</leafValues></_>
        <_>
          <internalNodes>
            0 -1 196 -1.9912221468985081e-03</internalNodes>
          <leafValues>
            -6.1779618263244629e-01 7.8339777886867523e-02</leafValues></_>
        <_>
          <internalNodes>
            0 -1 106 3.6985793849453330e-04</internalNodes>
          <leafValues>
            -1.9904226064682007e-01 2.3291526734828949e-01</leafValues></_>
        <_>
          <internalNodes>
            0 -1 87 1.1195141822099686e-02</internalNodes>
          <leafValues>
            9.3456037342548370e-02 -4.9678325653076172e-01</leafValues></_>
        <_>
          <internalNodes>
            0 -1 97 2.0089315512450412e-05</internalNodes>
          <leafValues>
            -2.0839147269725800e-01 2.3180812597274780e-01</leafValues></_>
        <_>
          <internalNodes>
            0 -1 111 1.6254172660410404e-03</internalNodes>
          <leafValues>
            8.9749716222286224e-02 -5.0370800495147705e-01</leafValues></_>
        <_>
          <internalNodes>
            0 -1 52 -1.0820429306477308e-03</internalNodes>
          <leafValues>
            3.2787656784057617e-01 -1.4055708050727844e-01</leafValues></_>
        <_>
          <internalNodes>
            0 -1 59 7.3532899841666222e-04</internalNodes>
          <leafValues>
            -1.2021517753601074e-01 4.0461868047714233e-01</leafValues></_></weakClassifiers></_>
    <!-- stage 7 -->
    <_>
      <maxWeakCount>31</maxWeakCount>
      <stageThreshold>-8.6908137798309326e-01</stageThreshold>
      <weakClassifiers>
        <_>
          <internalNodes>
            0 -1 190 8.2146219909191132e-02</internalNodes>
          <leafValues>
            1.3905622065067291e-01 7.8438228368759155e-01</leafValues></_>
        <_>
          <internalNodes>
            0 -1 16 3.5164643079042435e-02</internalNodes>
          <leafValues>
            -1.7761641740798950e-01 3.5368782281875610e-01</leafValues></_>
        <_>
          <internalNodes>
            0 -1 201 -3.7590699503198266e-04</internalNodes>
          <leafValues>
            -4.7764757275581360e-01 1.3569487631320953e-01</leafValues></_>
        <_>
          <internalNodes>
            0 -1 145 -7.3273866437375546e-03</internalNodes>
          <leafValues>
            3.4535008668899536e-01 -1.5685671567916870e-01</leafValues></_>
        <_>
          <internalNodes>
            0 -1 144 5.2934591658413410e-03</internalNodes>
          <leafValues>
            -1.7142142355442047e-01 3.6518394947052002e-01</leafValues></_>
        <_>
          <internalNodes>
            0 -1 123 1.1347674299031496e-03</internalNodes>
          <leafValues>
            -1.1746687442064285e-01 4.2743554711341858e-01</leafValues></_>
        <_>
          <internalNodes>
            0 -1 201 2.4355576897505671e-04</internalNodes>
          <leafValues>
            1.6563639044761658e-01 -3.5993355512619019e-01</leafValues></_>
        <_>
          <internalNodes>
            0 -1 147 5.2548758685588837e-04</internalNodes>
          <leafValues>
            8.3412222564220428e-02 -4.2305526137351990e-01</leafValues></_>
        <_>
          <internalNodes>
            0 -1 32 -5.2222877740859985e-02</internalNodes>
          <leafValues>
            -6.8603909015655518e-01 7.2194069623947144e-02</leafValues></_>
        <_>
          <internalNodes>
            0 -1 20 3.0853621661663055e-02</internalNodes>
          <leafValues>
            8.4116026759147644e-02 -5.5649572610855103e-01</leafValues></_>
        <_>
          <internalNodes>
            0 -1 137 -7.8687904169782996e-04</internalNodes>
          <leafValues>
            3.8027530908584595e-01 -1.2069024890661240e-01</leafValues></_>
        <_>
          <internalNodes>
            0 -1 138 -3.9900644333101809e-04</internalNodes>
          <leafValues>
            -4.1789701581001282e-01 9.7344383597373962e-02</leafValues></_>
        <_>
          <internalNodes>
            0 -1 33 -1.0036593303084373e-03</internalNodes>
          <leafValues>
            3.2629737257957458e-01 -1.3899654150009155e-01</leafValues></_>
        <_>
          <internalNodes>
            0 -1 168 -5.9620040701702237e-04</internalNodes>
          <leafValues>
            3.2971620559692383e-01 -1.2302702665328979e-01</leafValues></_>
        <_>
          <internalNodes>
            0 -1 168 1.0064379312098026e-03</internalNodes>
          <leafValues>
            -8.9149601757526398e-02 4.7117474675178528e-01</leafValues></_>
        <_>
          <internalNodes>
            0 -1 101 -1.7034625634551048e-03</internalNodes>
          <leafValues>
            -5.5367255210876465e-01 9.1651082038879395e-02</leafValues></_>
        <_>
          <internalNodes>
            0 -1 215 -3.5333936102688313e-03</internalNodes>
          <leafValues>
            4.3035730719566345e-01 -1.1321166902780533e-01</leafValues></_>
        <_>
          <internalNodes>
            0 -1 121 -7.5818682089447975e-03</internalNodes>
          <leafValues>
            -5.2370971441268921e-01 7.9998224973678589e-02</leafValues></_>
        <_>
          <internalNodes>
            0 -1 147 -3.6195368738844991e-04</internalNodes>
          <leafValues>
            -3.3342871069908142e-01 1.2567882239818573e-01</leafValues></_>
        <_>
          <internalNodes>
            0 -1 210 -7.4924057116732001e-04</internalNodes>
          <leafValues>
            2.9382058978080750e-01 -1.4494606852531433e-01</leafValues></_>
        <_>
          <internalNodes>
            0 -1 30 -5.3052000701427460e-02</internalNodes>
          <leafValues>
            -6.3817024230957031e-01 5.8763619512319565e-02</leafValues></_>
        <_>
          <internalNodes>
            0 -1 36 -6.2841787934303284e-02</internalNodes>
          <leafValues>
            4.4308608770370483e-01 -9.2335604131221771e-02</leafValues></_>
        <_>
          <internalNodes>
            0 -1 51 -3.3831134438514709e-02</internalNodes>
          <leafValues>
            5.3810507059097290e-01 -8.0389715731143951e-02</leafValues></_>
        <_>
          <internalNodes>
            0 -1 136 -1.5583621570840478e-03</internalNodes>
          <leafValues>
            4.4479221105575562e-01 -8.1563323736190796e-02</leafValues></_>
        <_>
          <internalNodes>
            0 -1 7 2.3736798902973533e-04</internalNodes>
          <leafValues>
            1.1259514093399048e-01 -3.7642312049865723e-01</leafValues></_>
        <_>
          <internalNodes>
            0 -1 180 6.4114795532077551e-04</internalNodes>
          <leafValues>
            7.5224451720714569e-02 -4.7239872813224792e-01</leafValues></_>
        <_>
          <internalNodes>
            0 -1 209 2.4416446685791016e-03</internalNodes>
          <leafValues>
            -8.8675655424594879e-02 4.8614794015884399e-01</leafValues></_>
        <_>
          <internalNodes>
            0 -1 136 7.0419244002550840e-04</internalNodes>
          <leafValues>
            -1.2774035334587097e-01 3.2268959283828735e-01</leafValues></_>
        <_>
          <internalNodes>
            0 -1 41 -1.6005713492631912e-02</internalNodes>
          <leafValues>
            -6.2046325206756592e-01 6.4487017691135406e-02</leafValues></_>
        <_>
          <internalNodes>
            0 -1 100 -2.9271200764924288e-04</internalNodes>
          <leafValues>
            -3.4735575318336487e-01 1.0397464036941528e-01</leafValues></_>
        <_>
          <internalNodes>
            0 -1 21 1.2024119496345520e-02</internalNodes>
          <leafValues>
            -9.5048762857913971e-02 4.0035513043403625e-01</leafValues></_></weakClassifiers></_>
    <!-- stage 8 -->
    <_>
      <maxWeakCount>32</maxWeakCount>
      <stageThreshold>-8.7227177619934082e-01</stageThreshold>
      <weakClassifiers>
        <_>
          <internalNodes>
            0 -1 66 9.3547683209180832e-03</internalNodes>
          <leafValues>
            6.3859164714813232e-02 6.1184448003768921e-01</leafValues></_>
        <_>
          <internalNodes>
            0 -1 172 -3.5422863438725471e-03</internalNodes>
          <leafValues>
            5.1785719394683838e-01 -1.0969444364309311e-01</leafValues></_>
        <_>
          <internalNodes>
            0 -1 191 5.3514335304498672e-03</internalNodes>
          <leafValues>
            -1.6074185073375702e-01 4.2236557602882385e-01</leafValues></_>
        <_>
          <internalNodes>
            0 -1 174 5.7441024109721184e-03</internalNodes>
          <leafValues>
            -2.0192663371562958e-01 3.0908611416816711e-01</leafValues></_>
        <_>
          <internalNodes>
            0 -1 93 -5.1504947245121002e-02</internalNodes>
          <leafValues>
            -7.0245230197906494e-01 7.0580765604972839e-02</leafValues></_>
        <_>
          <internalNodes>
            0 -1 35 3.3128898590803146e-02</internalNodes>
          <leafValues>
            9.8431006073951721e-02 -4.4734081625938416e-01</leafValues></_>
        <_>
          <internalNodes>
            0 -1 161 -4.3938183807767928e-04</internalNodes>
          <leafValues>
            -4.3169531226158142e-01 1.1130519956350327e-01</leafValues></_>
        <_>
          <internalNodes>
            0 -1 112 1.1308008804917336e-02</internalNodes>
          <leafValues>
            -1.1907255649566650e-01 3.7404736876487732e-01</leafValues></_>
        <_>
          <internalNodes>
            0 -1 27 7.4131637811660767e-03</internalNodes>
          <leafValues>
            -1.6016937792301178e-01 2.6279249787330627e-01</leafValues></_>
        <_>
          <internalNodes>
            0 -1 118 -5.8631150750443339e-04</internalNodes>
          <leafValues>
            -5.0244230031967163e-01 8.0856584012508392e-02</leafValues></_>
        <_>
          <internalNodes>
            0 -1 169 -4.4105262495577335e-03</internalNodes>
          <leafValues>
            3.8425055146217346e-01 -1.1193544417619705e-01</leafValues></_>
        <_>
          <internalNodes>
            0 -1 173 1.8631748855113983e-02</internalNodes>
          <leafValues>
            -1.2802550196647644e-01 3.1085661053657532e-01</leafValues></_>
        <_>
          <internalNodes>
            0 -1 89 -9.9872082471847534e-02</internalNodes>
          <leafValues>
            3.5763993859291077e-01 -1.4466990530490875e-01</leafValues></_>
        <_>
          <internalNodes>
            0 -1 217 -3.3775367774069309e-03</internalNodes>
          <leafValues>
            4.1829028725624084e-01 -8.8572330772876740e-02</leafValues></_>
        <_>
          <internalNodes>
            0 -1 29 2.2156932950019836e-01</internalNodes>
          <leafValues>
            -6.7253358662128448e-02 6.8004429340362549e-01</leafValues></_>
        <_>
          <internalNodes>
            0 -1 98 -2.9182666912674904e-03</internalNodes>
          <leafValues>
            2.4568903446197510e-01 -1.7029598355293274e-01</leafValues></_>
        <_>
          <internalNodes>
            0 -1 127 -1.2839675764553249e-04</internalNodes>
          <leafValues>
            -3.2882550358772278e-01 1.4285469055175781e-01</leafValues></_>
        <_>
          <internalNodes>
            0 -1 46 -1.3257782906293869e-02</internalNodes>
          <leafValues>
            4.0656924247741699e-01 -1.1158215999603271e-01</leafValues></_>
        <_>
          <internalNodes>
            0 -1 141 -1.1103521101176739e-03</internalNodes>
          <leafValues>
            4.5767721533775330e-01 -7.9026915132999420e-02</leafValues></_>
        <_>
          <internalNodes>
            0 -1 0 5.7140231365337968e-04</internalNodes>
          <leafValues>
            1.1378612369298935e-01 -3.6116123199462891e-01</leafValues></_>
        <_>
          <internalNodes>
            0 -1 25 -5.6207054294645786e-03</internalNodes>
          <leafValues>
            3.8557076454162598e-01 -1.0341884940862656e-01</leafValues></_>
        <_>
          <internalNodes>
            0 -1 109 2.5857384316623211e-03</internalNodes>
          <leafValues>
            -1.3667128980159760e-01 2.9721865057945251e-01</leafValues></_>
        <_>
          <internalNodes>
            0 -1 94 -2.1696952171623707e-04</internalNodes>
          <leafValues>
            -3.3551904559135437e-01 1.2990385293960571e-01</leafValues></_>
        <_>
          <internalNodes>
            0 -1 171 -8.4639887791126966e-04</internalNodes>
          <leafValues>
            4.1069263219833374e-01 -1.0856990516185760e-01</leafValues></_>
        <_>
          <internalNodes>
            0 -1 170 -9.2566979583352804e-04</internalNodes>
          <leafValues>
            4.0114089846611023e-01 -1.3016445934772491e-01</leafValues></_>
        <_>
          <internalNodes>
            0 -1 162 2.7871937490999699e-03</internalNodes>
          <leafValues>
            1.1834194511175156e-01 -3.6464196443557739e-01</leafValues></_>
        <_>
          <internalNodes>
            0 -1 56 1.0630788747221231e-03</internalNodes>
          <leafValues>
            -1.0019474476575851e-01 4.4514414668083191e-01</leafValues></_>
        <_>
          <internalNodes>
            0 -1 69 -4.7615036368370056e-02</internalNodes>
          <leafValues>
            -7.5278115272521973e-01 6.3827268779277802e-02</leafValues></_>
        <_>
          <internalNodes>
            0 -1 34 2.8734530787914991e-03</internalNodes>
          <leafValues>
            -1.7092886567115784e-01 2.4422043561935425e-01</leafValues></_>
        <_>
          <internalNodes>
            0 -1 175 -4.0619028732180595e-03</internalNodes>
          <leafValues>
            -6.0721683502197266e-01 7.1208223700523376e-02</leafValues></_>
        <_>
          <internalNodes>
            0 -1 48 6.8053388968110085e-03</internalNodes>
          <leafValues>
            1.1974591761827469e-01 -3.3709618449211121e-01</leafValues></_>
        <_>
          <internalNodes>
            0 -1 22 -5.9745237231254578e-03</internalNodes>
          <leafValues>
            4.1829273104667664e-01 -9.7689673304557800e-02</leafValues></_></weakClassifiers></_>
    <!-- stage 9 -->
    <_>
      <maxWeakCount>35</maxWeakCount>
      <stageThreshold>-8.1672555208206177e-01</stageThreshold>
      <weakClassifiers>
        <_>
          <internalNodes>
            0 -1 116 -3.1140137463808060e-02</internalNodes>
          <leafValues>
            6.6132527589797974e-01 1.0999704897403717e-01</leafValues></_>
        <_>
          <internalNodes>
            0 -1 67 3.7847999483346939e-03</internalNodes>
          <leafValues>
            -2.0878651738166809e-01 3.3761373162269592e-01</leafValues></_>
        <_>
          <internalNodes>
            0 -1 179 -9.3992007896304131e-04</internalNodes>
          <leafValues>
            -5.2671384811401367e-01 1.0270360857248306e-01</leafValues></_>
        <_>
          <internalNodes>
            0 -1 178 2.6573608629405499e-03</internalNodes>
          <leafValues>
            5.6338723748922348e-02 -6.6762530803680420e-01</leafValues></_>
        <_>
          <internalNodes>
            0 -1 95 -1.9280180567875504e-03</internalNodes>
          <leafValues>
            1.4225715398788452e-01 -3.0218219757080078e-01</leafValues></_>
        <_>
          <internalNodes>
            0 -1 47 -1.4241989701986313e-02</internalNodes>
          <leafValues>
            -6.2840479612350464e-01 5.9376031160354614e-02</leafValues></_>
        <_>
          <internalNodes>
            0 -1 43 -2.2524991631507874e-01</internalNodes>
          <leafValues>
            6.4261448383331299e-01 -6.7863039672374725e-02</leafValues></_>
        <_>
          <internalNodes>
            0 -1 155 8.2532211672514677e-04</internalNodes>
          <leafValues>
            -1.3471390306949615e-01 3.0369207262992859e-01</leafValues></_>
        <_>
          <internalNodes>
            0 -1 155 -1.1233792174607515e-03</internalNodes>
          <leafValues>
            3.9114132523536682e-01 -1.3912352919578552e-01</leafValues></_>
        <_>
          <internalNodes>
            0 -1 68 -4.0224537253379822e-02</internalNodes>
          <leafValues>
            -5.4103875160217285e-01 7.0662915706634521e-02</leafValues></_>
        <_>
          <internalNodes>
            0 -1 131 2.1473124623298645e-02</internalNodes>
          <leafValues>
            4.0392696857452393e-02 -8.4103590250015259e-01</leafValues></_>
        <_>
          <internalNodes>
            0 -1 151 -2.3794239386916161e-02</internalNodes>
          <leafValues>
            2.9045477509498596e-01 -1.3541489839553833e-01</leafValues></_>
        <_>
          <internalNodes>
            0 -1 202 5.7853482663631439e-02</internalNodes>
          <leafValues>
            -1.5947484970092773e-01 2.7899926900863647e-01</leafValues></_>
        <_>
          <internalNodes>
            0 -1 12 -2.6984326541423798e-03</internalNodes>
          <leafValues>
            1.9463445246219635e-01 -2.0631426572799683e-01</leafValues></_>
        <_>
          <internalNodes>
            0 -1 39 7.4428226798772812e-03</internalNodes>
          <leafValues>
            -9.3140855431556702e-02 4.6307748556137085e-01</leafValues></_>
        <_>
          <internalNodes>
            0 -1 181 -3.7982931826263666e-04</internalNodes>
          <leafValues>
            -3.4837937355041504e-01 1.1412105709314346e-01</leafValues></_>
        <_>
          <internalNodes>
            0 -1 86 -4.9875959753990173e-02</internalNodes>
          <leafValues>
            -6.0227662324905396e-01 5.8565597981214523e-02</leafValues></_>
        <_>
          <internalNodes>
            0 -1 216 2.5893584825098515e-03</internalNodes>
          <leafValues>
            -1.2148864567279816e-01 3.1936135888099670e-01</leafValues></_>
        <_>
          <internalNodes>
            0 -1 10 -2.3098563542589545e-04</internalNodes>
          <leafValues>
            -3.2117539644241333e-01 1.1214613169431686e-01</leafValues></_>
        <_>
          <internalNodes>
            0 -1 65 1.9804222392849624e-04</internalNodes>
          <leafValues>
            -1.6034749150276184e-01 2.2853311896324158e-01</leafValues></_>
        <_>
          <internalNodes>
            0 -1 65 -6.2593235634267330e-04</internalNodes>
          <leafValues>
            3.3687910437583923e-01 -1.1895027756690979e-01</leafValues></_>
        <_>
          <internalNodes>
            0 -1 195 1.1135723441839218e-02</internalNodes>
          <leafValues>
            7.1857050061225891e-02 -5.4512393474578857e-01</leafValues></_>
        <_>
          <internalNodes>
            0 -1 204 -5.6535901967436075e-04</internalNodes>
          <leafValues>
            3.1464618444442749e-01 -1.2495891004800797e-01</leafValues></_>
        <_>
          <internalNodes>
            0 -1 137 5.7651067618280649e-04</internalNodes>
          <leafValues>
            -1.0848380625247955e-01 3.0687338113784790e-01</leafValues></_>
        <_>
          <internalNodes>
            0 -1 214 -6.6081271506845951e-04</internalNodes>
          <leafValues>
            -5.7271653413772583e-01 6.9330543279647827e-02</leafValues></_>
        <_>
          <internalNodes>
            0 -1 122 -1.7413113266229630e-02</internalNodes>
          <leafValues>
            -5.4087191820144653e-01 5.9831786900758743e-02</leafValues></_>
        <_>
          <internalNodes>
            0 -1 166 5.4191317409276962e-02</internalNodes>
          <leafValues>
            5.6281544268131256e-02 -6.2124496698379517e-01</leafValues></_>
        <_>
          <internalNodes>
            0 -1 160 -5.2473659161478281e-04</internalNodes>
          <leafValues>
            -4.3158379197120667e-01 7.6009020209312439e-02</leafValues></_>
        <_>
          <internalNodes>
            0 -1 62 -4.9723190022632480e-04</internalNodes>
          <leafValues>
            3.0364203453063965e-01 -1.2649175524711609e-01</leafValues></_>
        <_>
          <internalNodes>
            0 -1 38 -1.8702467903494835e-02</internalNodes>
          <leafValues>
            -7.0141506195068359e-01 5.4284837096929550e-02</leafValues></_>
        <_>
          <internalNodes>
            0 -1 44 -1.8830345943570137e-03</internalNodes>
          <leafValues>
            3.4077814221382141e-01 -1.2318594008684158e-01</leafValues></_>
        <_>
          <internalNodes>
            0 -1 31 4.5870136818848550e-04</internalNodes>
          <leafValues>
            9.1382838785648346e-02 -4.0080684423446655e-01</leafValues></_>
        <_>
          <internalNodes>
            0 -1 208 4.3408933561295271e-04</internalNodes>
          <leafValues>
            -1.2278345227241516e-01 2.6982212066650391e-01</leafValues></_>
        <_>
          <internalNodes>
            0 -1 74 -1.4754575677216053e-02</internalNodes>
          <leafValues>
            3.7774807214736938e-01 -8.4198847413063049e-02</leafValues></_>
        <_>
          <internalNodes>
            0 -1 83 8.1877484917640686e-03</internalNodes>
          <leafValues>
            -1.0630619525909424e-01 3.6300119757652283e-01</leafValues></_></weakClassifiers></_></stages>
  <features>
    <_>
      <rects>
        <_>
          0 0 4 1 -1.</_>
        <_>
          2 0 2 1 2.</_></rects>
      <tilted>0</tilted></_>
    <_>
      <rects>
        <_>
          0 0 6 13 -1.</_>
        <_>
          3 0 3 13 2.</_></rects>
      <tilted>0</tilted></_>
    <_>
      <rects>
        <_>
          0 0 48 12 -1.</_>
        <_>
          24 0 24 12 2.</_></rects>
      <tilted>0</tilted></_>
    <_>
      <rects>
        <_>
          0 3 50 1 -1.</_>
        <_>
          25 3 25 1 2.</_></rects>
      <tilted>0</tilted></_>
    <_>
      <rects>
        <_>
          0 5 10 8 -1.</_>
        <_>
          0 5 5 4 2.</_>
        <_>
          5 9 5 4 2.</_></rects>
      <tilted>0</tilted></_>
    <_>
      <rects>
        <_>
          0 5 20 4 -1.</_>
        <_>
          10 5 10 4 2.</_></rects>
      <tilted>0</tilted></_>
    <_>
      <rects>
        <_>
          0 7 43 6 -1.</_>
        <_>
          0 10 43 3 2.</_></rects>
      <tilted>0</tilted></_>
    <_>
      <rects>
        <_>
          0 10 2 1 -1.</_>
        <_>
          1 10 1 1 2.</_></rects>
      <tilted>0</tilted></_>
    <_>
      <rects>
        <_>
          0 10 52 1 -1.</_>
        <_>
          26 10 26 1 2.</_></rects>
      <tilted>0</tilted></_>
    <_>
      <rects>
        <_>
          0 11 2 1 -1.</_>
        <_>
          1 11 1 1 2.</_></rects>
      <tilted>0</tilted></_>
    <_>
      <rects>
        <_>
          0 11 3 1 -1.</_>
        <_>
          1 11 1 1 3.</_></rects>
      <tilted>0</tilted></_>
    <_>
      <rects>
        <_>
          1 0 21 8 -1.</_>
        <_>
          1 4 21 4 2.</_></rects>
      <tilted>0</tilted></_>
    <_>
      <rects>
        <_>
          1 3 6 8 -1.</_>
        <_>
          3 3 2 8 3.</_></rects>
      <tilted>0</tilted></_>
    <_>
      <rects>
        <_>
          1 3 8 7 -1.</_>
        <_>
          5 3 4 7 2.</_></rects>
      <tilted>0</tilted></_>
    <_>
      <rects>
        <_>
          1 3 50 8 -1.</_>
        <_>
          1 3 25 4 2.</_>
        <_>
          26 7 25 4 2.</_></rects>
      <tilted>0</tilted></_>
    <_>
      <rects>
        <_>
          1 4 18 8 -1.</_>
        <_>
          10 4 9 8 2.</_></rects>
      <tilted>0</tilted></_>
    <_>
      <rects>
        <_>
          1 5 18 4 -1.</_>
        <_>
          10 5 9 4 2.</_></rects>
      <tilted>0</tilted></_>
    <_>
      <rects>
        <_>
          2 0 9 1 -1.</_>
        <_>
          5 0 3 1 3.</_></rects>
      <tilted>0</tilted></_>
    <_>
      <rects>
        <_>
          2 1 46 10 -1.</_>
        <_>
          2 1 23 5 2.</_>
        <_>
          25 6 23 5 2.</_></rects>
      <tilted>0</tilted></_>
    <_>
      <rects>
        <_>
          2 2 6 9 -1.</_>
        <_>
          5 2 3 9 2.</_></rects>
      <tilted>0</tilted></_>
    <_>
      <rects>
        <_>
          2 4 18 5 -1.</_>
        <_>
          8 4 6 5 3.</_></rects>
      <tilted>0</tilted></_>
    <_>
      <rects>
        <_>
          2 5 6 3 -1.</_>
        <_>
          5 5 3 3 2.</_></rects>
      <tilted>0</tilted></_>
    <_>
      <rects>
        <_>
          2 6 12 2 -1.</_>
        <_>
          2 6 6 1 2.</_>
        <_>
          8 7 6 1 2.</_></rects>
      <tilted>0</tilted></_>
    <_>
      <rects>
        <_>
          3 3 4 7 -1.</_>
        <_>
          5 3 2 7 2.</_></rects>
      <tilted>0</tilted></_>
    <_>
      <rects>
        <_>
          3 3 42 8 -1.</_>
        <_>
          3 3 21 4 2.</_>
        <_>
          24 7 21 4 2.</_></rects>
      <tilted>0</tilted></_>
    <_>
      <rects>
        <_>
          3 5 12 2 -1.</_>
        <_>
          3 5 6 1 2.</_>
        <_>
          9 6 6 1 2.</_></rects>
      <tilted>0</tilted></_>
    <_>
      <rects>
        <_>
          3 8 48 2 -1.</_>
        <_>
          3 8 24 1 2.</_>
        <_>
          27 9 24 1 2.</_></rects>
      <tilted>0</tilted></_>
    <_>
      <rects>
        <_>
          4 2 4 10 -1.</_>
        <_>
          6 2 2 10 2.</_></rects>
      <tilted>0</tilted></_>
    <_>
      <rects>
        <_>
          4 3 4 8 -1.</_>
        <_>
          6 3 2 8 2.</_></rects>
      <tilted>0</tilted></_>
    <_>
      <rects>
        <_>
          4 3 42 8 -1.</_>
        <_>
          4 3 21 4 2.</_>
        <_>
          25 7 21 4 2.</_></rects>
      <tilted>0</tilted></_>
    <_>
      <rects>
        <_>
          4 6 42 2 -1.</_>
        <_>
          25 6 21 2 2.</_></rects>
      <tilted>0</tilted></_>
    <_>
      <rects>
        <_>
          5 0 3 1 -1.</_>
        <_>
          6 0 1 1 3.</_></rects>
      <tilted>0</tilted></_>
    <_>
      <rects>
        <_>
          5 0 12 10 -1.</_>
        <_>
          9 0 4 10 3.</_></rects>
      <tilted>0</tilted></_>
    <_>
      <rects>
        <_>
          5 4 4 2 -1.</_>
        <_>
          5 4 2 1 2.</_>
        <_>
          7 5 2 1 2.</_></rects>
      <tilted>0</tilted></_>
    <_>
      <rects>
        <_>
          5 4 4 8 -1.</_>
        <_>
          5 4 2 4 2.</_>
        <_>
          7 8 2 4 2.</_></rects>
      <tilted>0</tilted></_>
    <_>
      <rects>
        <_>
          5 6 38 2 -1.</_>
        <_>
          24 6 19 2 2.</_></rects>
      <tilted>0</tilted></_>
    <_>
      <rects>
        <_>
          5 9 38 2 -1.</_>
        <_>
          24 9 19 2 2.</_></rects>
      <tilted>0</tilted></_>
    <_>
      <rects>
        <_>
          5 9 40 1 -1.</_>
        <_>
          25 9 20 1 2.</_></rects>
      <tilted>0</tilted></_>
    <_>
      <rects>
        <_>
          6 4 6 7 -1.</_>
        <_>
          9 4 3 7 2.</_></rects>
      <tilted>0</tilted></_>
    <_>
      <rects>
        <_>
          6 6 10 2 -1.</_>
        <_>
          6 6 5 1 2.</_>
        <_>
          11 7 5 1 2.</_></rects>
      <tilted>0</tilted></_>
    <_>
      <rects>
        <_>
          6 7 2 2 -1.</_>
        <_>
          6 7 1 1 2.</_>
        <_>
          7 8 1 1 2.</_></rects>
      <tilted>0</tilted></_>
    <_>
      <rects>
        <_>
          7 1 6 10 -1.</_>
        <_>
          7 1 3 5 2.</_>
        <_>
          10 6 3 5 2.</_></rects>
      <tilted>0</tilted></_>
    <_>
      <rects>
        <_>
          7 2 12 8 -1.</_>
        <_>
          11 2 4 8 3.</_></rects>
      <tilted>0</tilted></_>
    <_>
      <rects>
        <_>
          7 3 42 8 -1.</_>
        <_>
          7 3 21 4 2.</_>
        <_>
          28 7 21 4 2.</_></rects>
      <tilted>0</tilted></_>
    <_>
      <rects>
        <_>
          8 3 2 8 -1.</_>
        <_>
          9 3 1 8 2.</_></rects>
      <tilted>0</tilted></_>
    <_>
      <rects>
        <_>
          8 6 18 2 -1.</_>
        <_>
          14 6 6 2 3.</_></rects>
      <tilted>0</tilted></_>
    <_>
      <rects>
        <_>
          8 8 10 3 -1.</_>
        <_>
          8 9 10 1 3.</_></rects>
      <tilted>0</tilted></_>
    <_>
      <rects>
        <_>
          9 0 6 6 -1.</_>
        <_>
          12 0 3 6 2.</_></rects>
      <tilted>0</tilted></_>
    <_>
      <rects>
        <_>
          9 7 22 1 -1.</_>
        <_>
          20 7 11 1 2.</_></rects>
      <tilted>0</tilted></_>
    <_>
      <rects>
        <_>
          9 9 18 2 -1.</_>
        <_>
          9 9 9 1 2.</_>
        <_>
          18 10 9 1 2.</_></rects>
      <tilted>0</tilted></_>
    <_>
      <rects>
        <_>
          10 0 28 6 -1.</_>
        <_>
          10 3 28 3 2.</_></rects>
      <tilted>0</tilted></_>
    <_>
      <rects>
        <_>
          10 3 32 1 -1.</_>
        <_>
          26 3 16 1 2.</_></rects>
      <tilted>0</tilted></_>
    <_>
      <rects>
        <_>
          10 5 4 2 -1.</_>
        <_>
          10 5 2 1 2.</_>
        <_>
          12 6 2 1 2.</_></rects>
      <tilted>0</tilted></_>
    <_>
      <rects>
        <_>
          10 8 14 2 -1.</_>
        <_>
          10 8 7 1 2.</_>
        <_>
          17 9 7 1 2.</_></rects>
      <tilted>0</tilted></_>
    <_>
      <rects>
        <_>
          11 1 12 11 -1.</_>
        <_>
          15 1 4 11 3.</_></rects>
      <tilted>0</tilted></_>
    <_>
      <rects>
        <_>
          11 3 30 1 -1.</_>
        <_>
          26 3 15 1 2.</_></rects>
      <tilted>0</tilted></_>
    <_>
      <rects>
        <_>
          11 4 2 2 -1.</_>
        <_>
          11 4 1 1 2.</_>
        <_>
          12 5 1 1 2.</_></rects>
      <tilted>0</tilted></_>
    <_>
      <rects>
        <_>
          11 4 12 5 -1.</_>
        <_>
          15 4 4 5 3.</_></rects>
      <tilted>0</tilted></_>
    <_>
      <rects>
        <_>
          11 5 1 2 -1.</_>
        <_>
          11 6 1 1 2.</_></rects>
      <tilted>0</tilted></_>
    <_>
      <rects>
        <_>
          11 5 2 2 -1.</_>
        <_>
          11 5 1 1 2.</_>
        <_>
          12 6 1 1 2.</_></rects>
      <tilted>0</tilted></_>
    <_>
      <rects>
        <_>
          11 5 4 2 -1.</_>
        <_>
          11 5 2 1 2.</_>
        <_>
          13 6 2 1 2.</_></rects>
      <tilted>0</tilted></_>
    <_>
      <rects>
        <_>
          11 5 20 4 -1.</_>
        <_>
          21 5 10 4 2.</_></rects>
      <tilted>0</tilted></_>
    <_>
      <rects>
        <_>
          11 6 2 2 -1.</_>
        <_>
          11 6 1 1 2.</_>
        <_>
          12 7 1 1 2.</_></rects>
      <tilted>0</tilted></_>
    <_>
      <rects>
        <_>
          12 3 24 1 -1.</_>
        <_>
          24 3 12 1 2.</_></rects>
      <tilted>0</tilted></_>
    <_>
      <rects>
        <_>
          12 3 24 7 -1.</_>
        <_>
          24 3 12 7 2.</_></rects>
      <tilted>0</tilted></_>
    <_>
      <rects>
        <_>
          12 5 2 2 -1.</_>
        <_>
          12 5 1 1 2.</_>
        <_>
          13 6 1 1 2.</_></rects>
      <tilted>0</tilted></_>
    <_>
      <rects>
        <_>
          12 5 6 4 -1.</_>
        <_>
          15 5 3 4 2.</_></rects>
      <tilted>0</tilted></_>
    <_>
      <rects>
        <_>
          12 6 9 1 -1.</_>
        <_>
          15 6 3 1 3.</_></rects>
      <tilted>0</tilted></_>
    <_>
      <rects>
        <_>
          12 7 21 3 -1.</_>
        <_>
          19 7 7 3 3.</_></rects>
      <tilted>0</tilted></_>
    <_>
      <rects>
        <_>
          12 7 27 2 -1.</_>
        <_>
          21 7 9 2 3.</_></rects>
      <tilted>0</tilted></_>
    <_>
      <rects>
        <_>
          12 11 3 2 -1.</_>
        <_>
          13 11 1 2 3.</_></rects>
      <tilted>0</tilted></_>
    <_>
      <rects>
        <_>
          13 4 20 5 -1.</_>
        <_>
          23 4 10 5 2.</_></rects>
      <tilted>0</tilted></_>
    <_>
      <rects>
        <_>
          13 6 1 3 -1.</_>
        <_>
          13 7 1 1 3.</_></rects>
      <tilted>0</tilted></_>
    <_>
      <rects>
        <_>
          13 6 9 1 -1.</_>
        <_>
          16 6 3 1 3.</_></rects>
      <tilted>0</tilted></_>
    <_>
      <rects>
        <_>
          14 2 10 3 -1.</_>
        <_>
          14 3 10 1 3.</_></rects>
      <tilted>0</tilted></_>
    <_>
      <rects>
        <_>
          14 5 6 2 -1.</_>
        <_>
          16 5 2 2 3.</_></rects>
      <tilted>0</tilted></_>
    <_>
      <rects>
        <_>
          14 6 22 2 -1.</_>
        <_>
          25 6 11 2 2.</_></rects>
      <tilted>0</tilted></_>
    <_>
      <rects>
        <_>
          14 6 24 2 -1.</_>
        <_>
          26 6 12 2 2.</_></rects>
      <tilted>0</tilted></_>
    <_>
      <rects>
        <_>
          14 7 4 3 -1.</_>
        <_>
          16 7 2 3 2.</_></rects>
      <tilted>0</tilted></_>
    <_>
      <rects>
        <_>
          14 8 26 4 -1.</_>
        <_>
          14 10 26 2 2.</_></rects>
      <tilted>0</tilted></_>
    <_>
      <rects>
        <_>
          15 1 18 12 -1.</_>
        <_>
          15 5 18 4 3.</_></rects>
      <tilted>0</tilted></_>
    <_>
      <rects>
        <_>
          15 2 14 2 -1.</_>
        <_>
          15 2 7 1 2.</_>
        <_>
          22 3 7 1 2.</_></rects>
      <tilted>0</tilted></_>
    <_>
      <rects>
        <_>
          15 2 16 2 -1.</_>
        <_>
          15 2 8 1 2.</_>
        <_>
          23 3 8 1 2.</_></rects>
      <tilted>0</tilted></_>
    <_>
      <rects>
        <_>
          15 2 9 3 -1.</_>
        <_>
          15 3 9 1 3.</_></rects>
      <tilted>0</tilted></_>
    <_>
      <rects>
        <_>
          15 3 14 2 -1.</_>
        <_>
          15 3 7 1 2.</_>
        <_>
          22 4 7 1 2.</_></rects>
      <tilted>0</tilted></_>
    <_>
      <rects>
        <_>
          15 3 23 9 -1.</_>
        <_>
          15 6 23 3 3.</_></rects>
      <tilted>0</tilted></_>
    <_>
      <rects>
        <_>
          15 4 18 6 -1.</_>
        <_>
          24 4 9 6 2.</_></rects>
      <tilted>0</tilted></_>
    <_>
      <rects>
        <_>
          15 6 26 1 -1.</_>
        <_>
          28 6 13 1 2.</_></rects>
      <tilted>0</tilted></_>
    <_>
      <rects>
        <_>
          16 0 26 8 -1.</_>
        <_>
          16 4 26 4 2.</_></rects>
      <tilted>0</tilted></_>
    <_>
      <rects>
        <_>
          16 0 36 8 -1.</_>
        <_>
          16 4 36 4 2.</_></rects>
      <tilted>0</tilted></_>
    <_>
      <rects>
        <_>
          16 5 1 2 -1.</_>
        <_>
          16 6 1 1 2.</_></rects>
      <tilted>0</tilted></_>
    <_>
      <rects>
        <_>
          16 5 15 4 -1.</_>
        <_>
          21 5 5 4 3.</_></rects>
      <tilted>0</tilted></_>
    <_>
      <rects>
        <_>
          16 5 22 4 -1.</_>
        <_>
          27 5 11 4 2.</_></rects>
      <tilted>0</tilted></_>
    <_>
      <rects>
        <_>
          16 5 24 4 -1.</_>
        <_>
          28 5 12 4 2.</_></rects>
      <tilted>0</tilted></_>
    <_>
      <rects>
        <_>
          16 10 3 1 -1.</_>
        <_>
          17 10 1 1 3.</_></rects>
      <tilted>0</tilted></_>
    <_>
      <rects>
        <_>
          17 4 15 7 -1.</_>
        <_>
          22 4 5 7 3.</_></rects>
      <tilted>0</tilted></_>
    <_>
      <rects>
        <_>
          17 6 1 2 -1.</_>
        <_>
          17 7 1 1 2.</_></rects>
      <tilted>0</tilted></_>
    <_>
      <rects>
        <_>
          17 7 1 2 -1.</_>
        <_>
          17 8 1 1 2.</_></rects>
      <tilted>0</tilted></_>
    <_>
      <rects>
        <_>
          17 8 14 2 -1.</_>
        <_>
          17 8 7 1 2.</_>
        <_>
          24 9 7 1 2.</_></rects>
      <tilted>0</tilted></_>
    <_>
      <rects>
        <_>
          17 9 30 4 -1.</_>
        <_>
          17 11 30 2 2.</_></rects>
      <tilted>0</tilted></_>
    <_>
      <rects>
        <_>
          17 10 3 1 -1.</_>
        <_>
          18 10 1 1 3.</_></rects>
      <tilted>0</tilted></_>
    <_>
      <rects>
        <_>
          18 1 3 3 -1.</_>
        <_>
          19 1 1 3 3.</_></rects>
      <tilted>0</tilted></_>
    <_>
      <rects>
        <_>
          18 9 3 2 -1.</_>
        <_>
          19 9 1 2 3.</_></rects>
      <tilted>0</tilted></_>
    <_>
      <rects>
        <_>
          19 0 3 1 -1.</_>
        <_>
          20 0 1 1 3.</_></rects>
      <tilted>0</tilted></_>
    <_>
      <rects>
        <_>
          19 1 10 4 -1.</_>
        <_>
          19 3 10 2 2.</_></rects>
      <tilted>0</tilted></_>
    <_>
      <rects>
        <_>
          19 1 19 4 -1.</_>
        <_>
          19 3 19 2 2.</_></rects>
      <tilted>0</tilted></_>
    <_>
      <rects>
        <_>
          19 3 2 3 -1.</_>
        <_>
          19 4 2 1 3.</_></rects>
      <tilted>0</tilted></_>
    <_>
      <rects>
        <_>
          19 3 12 2 -1.</_>
        <_>
          19 3 6 1 2.</_>
        <_>
          25 4 6 1 2.</_></rects>
      <tilted>0</tilted></_>
    <_>
      <rects>
        <_>
          19 3 10 2 -1.</_>
        <_>
          19 4 10 1 2.</_></rects>
      <tilted>0</tilted></_>
    <_>
      <rects>
        <_>
          19 9 10 2 -1.</_>
        <_>
          19 9 5 1 2.</_>
        <_>
          24 10 5 1 2.</_></rects>
      <tilted>0</tilted></_>
    <_>
      <rects>
        <_>
          20 0 3 1 -1.</_>
        <_>
          21 0 1 1 3.</_></rects>
      <tilted>0</tilted></_>
    <_>
      <rects>
        <_>
          20 1 3 3 -1.</_>
        <_>
          21 1 1 3 3.</_></rects>
      <tilted>0</tilted></_>
    <_>
      <rects>
        <_>
          20 1 10 3 -1.</_>
        <_>
          20 2 10 1 3.</_></rects>
      <tilted>0</tilted></_>
    <_>
      <rects>
        <_>
          20 4 4 4 -1.</_>
        <_>
          20 6 4 2 2.</_></rects>
      <tilted>0</tilted></_>
    <_>
      <rects>
        <_>
          20 7 17 6 -1.</_>
        <_>
          20 10 17 3 2.</_></rects>
      <tilted>0</tilted></_>
    <_>
      <rects>
        <_>
          20 8 2 3 -1.</_>
        <_>
          20 9 2 1 3.</_></rects>
      <tilted>0</tilted></_>
    <_>
      <rects>
        <_>
          20 8 12 4 -1.</_>
        <_>
          20 10 12 2 2.</_></rects>
      <tilted>0</tilted></_>
    <_>
      <rects>
        <_>
          20 9 5 3 -1.</_>
        <_>
          20 10 5 1 3.</_></rects>
      <tilted>0</tilted></_>
    <_>
      <rects>
        <_>
          20 12 3 1 -1.</_>
        <_>
          21 12 1 1 3.</_></rects>
      <tilted>0</tilted></_>
    <_>
      <rects>
        <_>
          21 2 2 3 -1.</_>
        <_>
          21 3 2 1 3.</_></rects>
      <tilted>0</tilted></_>
    <_>
      <rects>
        <_>
          21 3 10 2 -1.</_>
        <_>
          21 4 10 1 2.</_></rects>
      <tilted>0</tilted></_>
    <_>
      <rects>
        <_>
          21 4 5 4 -1.</_>
        <_>
          21 6 5 2 2.</_></rects>
      <tilted>0</tilted></_>
    <_>
      <rects>
        <_>
          21 4 6 6 -1.</_>
        <_>
          21 6 6 2 3.</_></rects>
      <tilted>0</tilted></_>
    <_>
      <rects>
        <_>
          21 6 3 1 -1.</_>
        <_>
          22 6 1 1 3.</_></rects>
      <tilted>0</tilted></_>
    <_>
      <rects>
        <_>
          21 6 2 2 -1.</_>
        <_>
          21 6 1 1 2.</_>
        <_>
          22 7 1 1 2.</_></rects>
      <tilted>0</tilted></_>
    <_>
      <rects>
        <_>
          21 8 2 3 -1.</_>
        <_>
          21 9 2 1 3.</_></rects>
      <tilted>0</tilted></_>
    <_>
      <rects>
        <_>
          21 8 12 3 -1.</_>
        <_>
          25 8 4 3 3.</_></rects>
      <tilted>0</tilted></_>
    <_>
      <rects>
        <_>
          21 12 2 1 -1.</_>
        <_>
          22 12 1 1 2.</_></rects>
      <tilted>0</tilted></_>
    <_>
      <rects>
        <_>
          21 12 4 1 -1.</_>
        <_>
          23 12 2 1 2.</_></rects>
      <tilted>0</tilted></_>
    <_>
      <rects>
        <_>
          21 12 6 1 -1.</_>
        <_>
          23 12 2 1 3.</_></rects>
      <tilted>0</tilted></_>
    <_>
      <rects>
        <_>
          22 0 11 6 -1.</_>
        <_>
          22 3 11 3 2.</_></rects>
      <tilted>0</tilted></_>
    <_>
      <rects>
        <_>
          22 4 3 6 -1.</_>
        <_>
          22 7 3 3 2.</_></rects>
      <tilted>0</tilted></_>
    <_>
      <rects>
        <_>
          22 5 2 2 -1.</_>
        <_>
          22 5 1 1 2.</_>
        <_>
          23 6 1 1 2.</_></rects>
      <tilted>0</tilted></_>
    <_>
      <rects>
        <_>
          22 5 7 4 -1.</_>
        <_>
          22 7 7 2 2.</_></rects>
      <tilted>0</tilted></_>
    <_>
      <rects>
        <_>
          22 6 3 1 -1.</_>
        <_>
          23 6 1 1 3.</_></rects>
      <tilted>0</tilted></_>
    <_>
      <rects>
        <_>
          22 6 2 2 -1.</_>
        <_>
          22 6 1 1 2.</_>
        <_>
          23 7 1 1 2.</_></rects>
      <tilted>0</tilted></_>
    <_>
      <rects>
        <_>
          22 7 3 1 -1.</_>
        <_>
          23 7 1 1 3.</_></rects>
      <tilted>0</tilted></_>
    <_>
      <rects>
        <_>
          22 7 2 2 -1.</_>
        <_>
          22 7 1 1 2.</_>
        <_>
          23 8 1 1 2.</_></rects>
      <tilted>0</tilted></_>
    <_>
      <rects>
        <_>
          22 12 3 1 -1.</_>
        <_>
          23 12 1 1 3.</_></rects>
      <tilted>0</tilted></_>
    <_>
      <rects>
        <_>
          23 1 3 1 -1.</_>
        <_>
          24 1 1 1 3.</_></rects>
      <tilted>0</tilted></_>
    <_>
      <rects>
        <_>
          23 6 3 1 -1.</_>
        <_>
          24 6 1 1 3.</_></rects>
      <tilted>0</tilted></_>
    <_>
      <rects>
        <_>
          23 7 2 2 -1.</_>
        <_>
          23 7 1 1 2.</_>
        <_>
          24 8 1 1 2.</_></rects>
      <tilted>0</tilted></_>
    <_>
      <rects>
        <_>
          23 9 4 2 -1.</_>
        <_>
          23 10 4 1 2.</_></rects>
      <tilted>0</tilted></_>
    <_>
      <rects>
        <_>
          23 9 4 3 -1.</_>
        <_>
          23 10 4 1 3.</_></rects>
      <tilted>0</tilted></_>
    <_>
      <rects>
        <_>
          23 9 5 2 -1.</_>
        <_>
          23 10 5 1 2.</_></rects>
      <tilted>0</tilted></_>
    <_>
      <rects>
        <_>
          23 9 7 3 -1.</_>
        <_>
          23 10 7 1 3.</_></rects>
      <tilted>0</tilted></_>
    <_>
      <rects>
        <_>
          23 9 8 2 -1.</_>
        <_>
          23 10 8 1 2.</_></rects>
      <tilted>0</tilted></_>
    <_>
      <rects>
        <_>
          24 0 3 2 -1.</_>
        <_>
          25 0 1 2 3.</_></rects>
      <tilted>0</tilted></_>
    <_>
      <rects>
        <_>
          24 0 4 2 -1.</_>
        <_>
          26 0 2 2 2.</_></rects>
      <tilted>0</tilted></_>
    <_>
      <rects>
        <_>
          24 0 9 1 -1.</_>
        <_>
          27 0 3 1 3.</_></rects>
      <tilted>0</tilted></_>
    <_>
      <rects>
        <_>
          24 0 11 8 -1.</_>
        <_>
          24 4 11 4 2.</_></rects>
      <tilted>0</tilted></_>
    <_>
      <rects>
        <_>
          24 1 13 4 -1.</_>
        <_>
          24 3 13 2 2.</_></rects>
      <tilted>0</tilted></_>
    <_>
      <rects>
        <_>
          24 5 3 3 -1.</_>
        <_>
          25 5 1 3 3.</_></rects>
      <tilted>0</tilted></_>
    <_>
      <rects>
        <_>
          24 6 2 2 -1.</_>
        <_>
          24 6 1 1 2.</_>
        <_>
          25 7 1 1 2.</_></rects>
      <tilted>0</tilted></_>
    <_>
      <rects>
        <_>
          24 7 2 1 -1.</_>
        <_>
          25 7 1 1 2.</_></rects>
      <tilted>0</tilted></_>
    <_>
      <rects>
        <_>
          24 7 3 1 -1.</_>
        <_>
          25 7 1 1 3.</_></rects>
      <tilted>0</tilted></_>
    <_>
      <rects>
        <_>
          24 8 3 3 -1.</_>
        <_>
          24 9 3 1 3.</_></rects>
      <tilted>0</tilted></_>
    <_>
      <rects>
        <_>
          24 9 4 2 -1.</_>
        <_>
          24 10 4 1 2.</_></rects>
      <tilted>0</tilted></_>
    <_>
      <rects>
        <_>
          24 9 5 2 -1.</_>
        <_>
          24 10 5 1 2.</_></rects>
      <tilted>0</tilted></_>
    <_>
      <rects>
        <_>
          24 12 2 1 -1.</_>
        <_>
          25 12 1 1 2.</_></rects>
      <tilted>0</tilted></_>
    <_>
      <rects>
        <_>
          24 12 3 1 -1.</_>
        <_>
          25 12 1 1 3.</_></rects>
      <tilted>0</tilted></_>
    <_>
      <rects>
        <_>
          25 0 2 2 -1.</_>
        <_>
          26 0 1 2 2.</_></rects>
      <tilted>0</tilted></_>
    <_>
      <rects>
        <_>
          25 0 6 3 -1.</_>
        <_>
          27 0 2 3 3.</_></rects>
      <tilted>0</tilted></_>
    <_>
      <rects>
        <_>
          25 0 19 8 -1.</_>
        <_>
          25 4 19 4 2.</_></rects>
      <tilted>0</tilted></_>
    <_>
      <rects>
        <_>
          25 2 5 3 -1.</_>
        <_>
          25 3 5 1 3.</_></rects>
      <tilted>0</tilted></_>
    <_>
      <rects>
        <_>
          25 3 3 1 -1.</_>
        <_>
          26 3 1 1 3.</_></rects>
      <tilted>0</tilted></_>
    <_>
      <rects>
        <_>
          25 3 10 6 -1.</_>
        <_>
          25 5 10 2 3.</_></rects>
      <tilted>0</tilted></_>
    <_>
      <rects>
        <_>
          25 5 3 2 -1.</_>
        <_>
          26 5 1 2 3.</_></rects>
      <tilted>0</tilted></_>
    <_>
      <rects>
        <_>
          25 6 2 2 -1.</_>
        <_>
          25 6 1 1 2.</_>
        <_>
          26 7 1 1 2.</_></rects>
      <tilted>0</tilted></_>
    <_>
      <rects>
        <_>
          25 6 9 2 -1.</_>
        <_>
          28 6 3 2 3.</_></rects>
      <tilted>0</tilted></_>
    <_>
      <rects>
        <_>
          25 7 3 1 -1.</_>
        <_>
          26 7 1 1 3.</_></rects>
      <tilted>0</tilted></_>
    <_>
      <rects>
        <_>
          25 7 2 2 -1.</_>
        <_>
          25 7 1 1 2.</_>
        <_>
          26 8 1 1 2.</_></rects>
      <tilted>0</tilted></_>
    <_>
      <rects>
        <_>
          25 9 2 2 -1.</_>
        <_>
          25 10 2 1 2.</_></rects>
      <tilted>0</tilted></_>
    <_>
      <rects>
        <_>
          26 2 7 4 -1.</_>
        <_>
          26 4 7 2 2.</_></rects>
      <tilted>0</tilted></_>
    <_>
      <rects>
        <_>
          26 5 6 5 -1.</_>
        <_>
          28 5 2 5 3.</_></rects>
      <tilted>0</tilted></_>
    <_>
      <rects>
        <_>
          26 5 6 2 -1.</_>
        <_>
          26 6 6 1 2.</_></rects>
      <tilted>0</tilted></_>
    <_>
      <rects>
        <_>
          26 6 3 2 -1.</_>
        <_>
          27 6 1 2 3.</_></rects>
      <tilted>0</tilted></_>
    <_>
      <rects>
        <_>
          26 8 3 3 -1.</_>
        <_>
          26 9 3 1 3.</_></rects>
      <tilted>0</tilted></_>
    <_>
      <rects>
        <_>
          26 9 3 3 -1.</_>
        <_>
          27 9 1 3 3.</_></rects>
      <tilted>0</tilted></_>
    <_>
      <rects>
        <_>
          26 11 3 2 -1.</_>
        <_>
          27 11 1 2 3.</_></rects>
      <tilted>0</tilted></_>
    <_>
      <rects>
        <_>
          26 12 3 1 -1.</_>
        <_>
          27 12 1 1 3.</_></rects>
      <tilted>0</tilted></_>
    <_>
      <rects>
        <_>
          27 0 3 2 -1.</_>
        <_>
          28 0 1 2 3.</_></rects>
      <tilted>0</tilted></_>
    <_>
      <rects>
        <_>
          27 1 5 12 -1.</_>
        <_>
          27 5 5 4 3.</_></rects>
      <tilted>0</tilted></_>
    <_>
      <rects>
        <_>
          27 1 7 12 -1.</_>
        <_>
          27 5 7 4 3.</_></rects>
      <tilted>0</tilted></_>
    <_>
      <rects>
        <_>
          27 2 3 3 -1.</_>
        <_>
          27 3 3 1 3.</_></rects>
      <tilted>0</tilted></_>
    <_>
      <rects>
        <_>
          27 2 4 4 -1.</_>
        <_>
          27 4 4 2 2.</_></rects>
      <tilted>0</tilted></_>
    <_>
      <rects>
        <_>
          27 6 6 2 -1.</_>
        <_>
          29 6 2 2 3.</_></rects>
      <tilted>0</tilted></_>
    <_>
      <rects>
        <_>
          27 6 6 3 -1.</_>
        <_>
          29 6 2 3 3.</_></rects>
      <tilted>0</tilted></_>
    <_>
      <rects>
        <_>
          27 8 2 3 -1.</_>
        <_>
          27 9 2 1 3.</_></rects>
      <tilted>0</tilted></_>
    <_>
      <rects>
        <_>
          27 11 3 1 -1.</_>
        <_>
          28 11 1 1 3.</_></rects>
      <tilted>0</tilted></_>
    <_>
      <rects>
        <_>
          28 1 5 12 -1.</_>
        <_>
          28 5 5 4 3.</_></rects>
      <tilted>0</tilted></_>
    <_>
      <rects>
        <_>
          28 5 6 3 -1.</_>
        <_>
          30 5 2 3 3.</_></rects>
      <tilted>0</tilted></_>
    <_>
      <rects>
        <_>
          28 7 3 4 -1.</_>
        <_>
          28 9 3 2 2.</_></rects>
      <tilted>0</tilted></_>
    <_>
      <rects>
        <_>
          28 8 6 3 -1.</_>
        <_>
          28 9 6 1 3.</_></rects>
      <tilted>0</tilted></_>
    <_>
      <rects>
        <_>
          29 1 2 12 -1.</_>
        <_>
          29 5 2 4 3.</_></rects>
      <tilted>0</tilted></_>
    <_>
      <rects>
        <_>
          29 5 4 4 -1.</_>
        <_>
          29 7 4 2 2.</_></rects>
      <tilted>0</tilted></_>
    <_>
      <rects>
        <_>
          29 10 3 3 -1.</_>
        <_>
          30 10 1 3 3.</_></rects>
      <tilted>0</tilted></_>
    <_>
      <rects>
        <_>
          30 0 3 2 -1.</_>
        <_>
          31 0 1 2 3.</_></rects>
      <tilted>0</tilted></_>
    <_>
      <rects>
        <_>
          30 5 1 2 -1.</_>
        <_>
          30 6 1 1 2.</_></rects>
      <tilted>0</tilted></_>
    <_>
      <rects>
        <_>
          30 12 2 1 -1.</_>
        <_>
          31 12 1 1 2.</_></rects>
      <tilted>0</tilted></_>
    <_>
      <rects>
        <_>
          31 5 1 2 -1.</_>
        <_>
          31 6 1 1 2.</_></rects>
      <tilted>0</tilted></_>
    <_>
      <rects>
        <_>
          31 12 3 1 -1.</_>
        <_>
          32 12 1 1 3.</_></rects>
      <tilted>0</tilted></_>
    <_>
      <rects>
        <_>
          33 0 16 10 -1.</_>
        <_>
          33 5 16 5 2.</_></rects>
      <tilted>0</tilted></_>
    <_>
      <rects>
        <_>
          35 12 3 1 -1.</_>
        <_>
          36 12 1 1 3.</_></rects>
      <tilted>0</tilted></_>
    <_>
      <rects>
        <_>
          36 5 2 2 -1.</_>
        <_>
          36 5 1 1 2.</_>
        <_>
          37 6 1 1 2.</_></rects>
      <tilted>0</tilted></_>
    <_>
      <rects>
        <_>
          36 6 4 2 -1.</_>
        <_>
          38 6 2 2 2.</_></rects>
      <tilted>0</tilted></_>
    <_>
      <rects>
        <_>
          36 7 4 2 -1.</_>
        <_>
          36 8 4 1 2.</_></rects>
      <tilted>0</tilted></_>
    <_>
      <rects>
        <_>
          37 6 2 2 -1.</_>
        <_>
          37 6 1 1 2.</_>
        <_>
          38 7 1 1 2.</_></rects>
      <tilted>0</tilted></_>
    <_>
      <rects>
        <_>
          38 6 2 2 -1.</_>
        <_>
          38 6 1 1 2.</_>
        <_>
          39 7 1 1 2.</_></rects>
      <tilted>0</tilted></_>
    <_>
      <rects>
        <_>
          39 5 4 2 -1.</_>
        <_>
          39 5 2 1 2.</_>
        <_>
          41 6 2 1 2.</_></rects>
      <tilted>0</tilted></_>
    <_>
      <rects>
        <_>
          42 5 1 3 -1.</_>
        <_>
          42 6 1 1 3.</_></rects>
      <tilted>0</tilted></_>
    <_>
      <rects>
        <_>
          42 5 4 6 -1.</_>
        <_>
          44 5 2 6 2.</_></rects>
      <tilted>0</tilted></_>
    <_>
      <rects>
        <_>
          47 0 4 13 -1.</_>
        <_>
          49 0 2 13 2.</_></rects>
      <tilted>0</tilted></_>
    <_>
      <rects>
        <_>
          49 2 2 10 -1.</_>
        <_>
          50 2 1 10 2.</_></rects>
      <tilted>0</tilted></_>
    <_>
      <rects>
        <_>
          50 0 2 1 -1.</_>
        <_>
          51 0 1 1 2.</_></rects>
      <tilted>0</tilted></_>
    <_>
      <rects>
        <_>
          50 0 2 10 -1.</_>
        <_>
          50 0 1 5 2.</_>
        <_>
          51 5 1 5 2.</_></rects>
      <tilted>0</tilted></_>
    <_>
      <rects>
        <_>
          50 1 2 12 -1.</_>
        <_>
          50 1 1 6 2.</_>
        <_>
          51 7 1 6 2.</_></rects>
      <tilted>0</tilted></_>
    <_>
      <rects>
        <_>
          50 2 2 7 -1.</_>
        <_>
          51 2 1 7 2.</_></rects>
      <tilted>0</tilted></_></features></cascade>
</opencv_storage>
