Time,V (cm/s),Vx (cm/s),Vy (cm/s),X,Y
10:11:49.564368,9.766226334541445e-05,3.826951133940831e-06,-9.75872539154961e-05,457.76666666666665,285.1
10:11:49.660386,1.362246461152589,0.0680273419602177,-1.360546839204215,457.93333333333334,281.76666666666665
10:11:49.756545,1.4991041806177223,0.02193576122400915,-1.4989436836402679,457.98333333333335,278.35
10:11:49.846546,1.4100803758746911,0.03472051350184928,-1.4096528481754218,458.06666666666666,274.96666666666664
10:11:49.973130,1.0442888301193416,0.04280660984536556,-1.043411114980845,458.2,271.71666666666664
10:11:50.061103,1.4702657827501324,0.05996092243635795,-1.4690425996908465,458.3333333333333,268.45
10:11:50.150080,1.5111860581906789,0.03702775379477754,-1.5107323548262264,458.4166666666667,265.05
10:11:50.235670,1.5858672126004154,0.0630691582742161,-1.5846126016397801,458.55,261.7
10:11:50.467652,1.182648132292677,0.03784864623603838,-1.182042336294879,458.76666666666665,254.93333333333334
10:11:50.580642,1.197182046217134,0.04166764661845944,-1.1964567100442556,458.8833333333333,251.58333333333334
10:11:50.700643,1.084269361740465,0.044445458188041166,-1.083358043333565,459.01666666666665,248.33333333333334
10:11:50.824645,1.0846649053368724,0.03794004052433774,-1.0840011578381539,459.1333333333333,245.0
10:11:50.924639,1.2697099555061224,0.032053164351876405,-1.2693053083345986,459.21666666666664,241.7
10:11:51.078645,0.9858246329173181,0.034311400310392835,-0.9852273517697857,459.3333333333333,238.35
10:11:51.246644,0.7368794110155595,0.018416231102127187,-0.7366492440847482,459.4166666666667,235.01666666666668
10:11:51.386644,0.9498312110610384,0.019184594889737793,-0.949637447042078,459.48333333333335,231.71666666666667
10:11:51.510646,1.0346591615785885,0.046512592088767825,-1.0336131575283336,459.6333333333333,228.38333333333333
10:11:51.621667,1.1802884521563874,0.03539273041791409,-1.1797576805968613,459.73333333333335,225.05
10:11:51.707738,1.511262272409274,0.03873758252150127,-1.5107657183388932,459.81666666666666,221.8
10:11:51.805738,1.3345239919272616,0.05555696071540313,-1.3333670571697578,459.95,218.6
10:11:51.891754,1.468070150515219,0.04491988047937791,-1.4673827623260047,460.05,215.33333333333334
10:11:51.978619,1.4818648672255585,0.046046092156852424,-1.4811492977125924,460.15,212.11666666666667
10:11:52.159808,1.435680562199498,0.03680022671648882,-1.4352088419429005,460.31666666666666,205.61666666666667
10:11:52.250798,1.4374618827291057,0.02963209133426421,-1.4371564297119026,460.3833333333333,202.38333333333333
10:11:52.339551,1.4498445960615343,0.037548142558003796,-1.449358302739277,460.46666666666664,199.16666666666666
10:11:52.430776,1.447351678791571,0.029233463058772585,-1.447056421408084,460.53333333333336,195.86666666666667
10:11:52.519335,1.4700386824175218,0.0380711299425711,-1.4695456157835793,460.6166666666667,192.65
10:11:52.610790,1.3495651983365453,0.05048312622618252,-1.3486206577565059,460.73333333333335,189.53333333333333
10:11:52.875681,0.4859237316619849,0.015099142589972503,-0.4856890866442815,460.8333333333333,186.31666666666666
10:11:52.970868,1.30319957445933,0.03501959585942002,-1.3027289659698298,460.9166666666667,183.21666666666667
10:11:53.059663,1.3519403710001876,0.04454526289516394,-1.3512063078204326,461.01666666666665,180.18333333333334
10:11:53.156542,1.300187545274562,0.04260620559001817,-1.2994892704952636,461.1166666666667,177.13333333333333
10:11:53.255568,1.2154594302990551,0.046206878751541385,-1.214580812897579,461.23333333333335,174.06666666666666
10:11:53.344887,1.3510364859652082,0.05164122520735446,-1.3500491732778854,461.35,171.01666666666668
10:11:53.428750,1.4560109729858062,0.04771242662782192,-1.4552290121490703,461.45,167.96666666666667
10:11:53.519220,1.3642251337710716,0.04470467105439478,-1.3634924671587356,461.55,164.91666666666666
10:11:53.805197,0.8750229982835555,0.026286635974369883,-0.8746280696926517,461.73333333333335,158.81666666666666
10:11:53.940199,0.9107433491873659,0.02487441525045218,-0.9104035981667518,461.81666666666666,155.76666666666668
10:11:54.076200,0.8657407790836747,0.028369699244821103,-0.8652758269668501,461.9166666666667,152.71666666666667
10:11:54.190194,1.0522920110103322,0.03448284820506164,-1.0517268702547424,462.01666666666665,149.66666666666666
10:11:54.277694,1.3724995098636708,0.05274944124643711,-1.371485472407275,462.1333333333333,146.63333333333333
10:11:54.365561,1.365482131546021,0.03749909701136734,-1.3649671312140808,462.21666666666664,143.6
10:11:54.627822,0.4653168977218911,0.012708833665732533,-0.4651433121655966,462.3,140.55
10:11:54.714943,1.4175312496681207,0.03871591372717548,-1.41700244241495,462.3833333333333,137.5
10:11:54.805064,1.3694066131354359,0.044874464386026734,-1.3686711637735092,462.48333333333335,134.45
10:11:54.892712,1.361154157595287,0.03717613064769037,-1.3606463817057692,462.56666666666666,131.4
10:11:54.983806,1.3550755497314508,0.0370101104222504,-1.3545700414546775,462.65,128.35
10:11:55.070092,1.4308512791608596,0.04688796165617376,-1.4300828305129734,462.75,125.3
10:11:55.158557,1.3495382424432922,0.0368588743127825,-1.349034799848145,462.8333333333333,122.25
10:11:55.253832,1.3083906078801821,0.03573504140245959,-1.3079025153294248,462.9166666666667,119.2
10:11:55.486805,1.0737877846986124,0.0350914736367619,-1.0732142353910306,463.1166666666667,113.08333333333333
10:11:55.605807,1.0227705956013202,0.0333334975780413,-1.0222272590602806,463.21666666666664,110.01666666666667
10:11:55.727808,1.0003538098700453,0.027321875132328914,-0.9999806298427827,463.3,106.96666666666667
10:11:55.853806,1.008616456431827,0.0275475462852524,-1.0082401940404662,463.3833333333333,103.91666666666667
10:11:55.957083,1.074210911985688,0.03501000809663325,-1.0736402482965128,463.48333333333335,100.85
10:11:56.050288,1.3231475869782283,0.043358589552397596,-1.3224369813485766,463.5833333333333,97.8
10:11:56.499296,0.0,0.0,0.0,463.5833333333333,97.8
10:11:56.640300,0.006547336784384532,0.004629666238956348,-0.004629666238944506,463.6,97.78333333333333
10:11:56.762296,0.019384188429014192,0.01612861968785725,-0.010752413125247336,463.65,97.75
10:11:56.860414,0.006591226635174016,0.0,0.006591226635174016,463.65,97.76666666666667
10:11:56.951414,0.016381779323528016,-0.014652308863921167,0.007326154431966829,463.6166666666667,97.78333333333333
10:11:57.036546,0.0077422179643654625,0.0077422179643654625,0.0,463.6333333333333,97.78333333333333
10:11:57.131568,0.007090446510221886,0.007090446510221886,0.0,463.65,97.78333333333333
10:11:57.219658,0.00748267993971918,0.00748267993971918,0.0,463.6666666666667,97.78333333333333
10:11:57.396806,0.016057155236250585,0.011354123354113028,-0.01135412335412271,463.71666666666664,97.73333333333333
10:11:57.493666,0.015387131266302022,0.013762668596067845,-0.006881334298028055,463.75,97.71666666666667
10:11:57.582676,0.0,0.0,0.0,463.75,97.71666666666667
10:11:57.673064,0.0,0.0,0.0,463.75,97.71666666666667
10:11:57.757294,0.011059170887775551,-0.00782001472904361,0.007820014729050277,463.73333333333335,97.73333333333333
10:11:57.846028,0.007595776083906389,0.007595776083906389,0.0,463.75,97.73333333333333
10:11:58.125864,0.0,0.0,0.0,463.75,97.73333333333333
10:11:58.216153,0.007383434597350785,0.0,0.007383434597350785,463.75,97.75
10:11:58.300303,0.0,0.0,0.0,463.75,97.75
10:11:58.387280,0.0,0.0,0.0,463.75,97.75
10:11:58.472820,0.0,0.0,0.0,463.75,97.75
10:11:58.558718,0.0,0.0,0.0,463.75,97.75
10:11:58.643842,0.0,0.0,0.0,463.75,97.75
10:11:58.738126,0.014290437020940372,-0.014290437020940372,0.0,463.71666666666664,97.75
10:11:59.054133,0.003041284964917218,0.0021505132222164065,-0.0021505132222109057,463.73333333333335,97.73333333333333
10:11:59.191134,0.004866261754361498,-0.004866261754361498,0.0,463.71666666666664,97.73333333333333
10:11:59.323136,0.007197078772276676,0.0050891032046170995,-0.00508910320460408,463.73333333333335,97.71666666666667
10:11:59.447127,0.007197222861072412,0.005089205090772978,-0.005089205090777318,463.75,97.7
10:11:59.534310,0.010693798685031935,0.0075616575668266415,-0.00756165756683309,463.76666666666665,97.68333333333334
10:11:59.626870,0.03600208408975802,0.028801667271806414,-0.02160125045385481,463.8333333333333,97.63333333333334
10:11:59.925897,0.0031529885043584784,0.002229499552437011,-0.0022294995524332092,463.85,97.61666666666666
10:12:00.023918,0.0,0.0,0.0,463.85,97.61666666666666
10:12:00.118086,0.0,0.0,0.0,463.85,97.61666666666666
10:12:00.204805,0.00768778914184994,-0.00768778914184994,0.0,463.8333333333333,97.61666666666666
10:12:00.297840,0.007661626872562414,-0.007661626872562414,0.0,463.81666666666666,97.61666666666666
10:12:00.416840,0.0055097372358416784,-0.0055097372358416784,0.0,463.8,97.61666666666666
10:12:00.551841,0.020360657291332695,-0.004938184742298992,0.01975273896921702,463.78333333333336,97.68333333333334
10:12:00.669836,0.0282480095149997,0.0,-0.0282480095149997,463.78333333333336,97.6
10:12:00.905839,0.025716606245208346,0.0055787151663101225,0.025104218248419335,463.81666666666666,97.75
10:12:00.994203,0.04063177034393128,0.015090260669508344,-0.037725651673738696,463.85,97.66666666666667
10:12:01.083203,0.020956939231142137,0.014818793843248681,0.014818793843261319,463.8833333333333,97.7
10:12:01.174674,0.051521877287791944,-0.0072862937619256815,0.051004056333523264,463.8666666666667,97.81666666666666
10:12:01.264349,0.04814223197655948,0.03759276736746056,0.030074213893979986,463.95,97.88333333333334
10:12:01.348455,0.08929949285976072,0.0234962508998174,0.08615291996597264,464.0,98.06666666666666
10:12:01.974461,0.014952602995016693,0.005367671656421026,0.013955946306697964,464.0833333333333,98.28333333333333
10:12:02.074465,0.07825336131198156,0.04487535603228063,0.06410765147468427,464.2,98.45
10:12:02.160459,0.17170297125028772,0.03212770488161532,0.1686704506284873,464.26666666666665,98.8
10:12:02.251785,0.1482277165619494,0.04896708912271891,0.13990596892204893,464.3833333333333,99.13333333333334
10:12:02.344824,0.10558958637280767,0.05857056428033719,0.08785584642050578,464.51666666666665,99.33333333333333
10:12:02.427956,0.18109484856364083,0.07133675572250223,0.16645243001913806,464.6666666666667,99.68333333333334
10:12:02.517701,0.18144134353344446,0.06611710738915254,0.16896594110563432,464.81666666666666,100.06666666666666
10:12:02.598678,0.14907222920606691,0.06666712761243618,0.13333425522487946,464.95,100.33333333333333
10:12:02.778392,0.1867015691568239,0.06677330588018598,0.17435252090936745,465.25,101.11666666666666
10:12:02.870967,0.15793170334763346,0.06480959248422934,0.14402131663164666,465.4,101.45
10:12:02.972991,0.17255437757401382,0.0718955942324399,0.15686311468895317,465.5833333333333,101.85
10:12:03.064962,0.20527987857186056,0.08602421178390811,0.18638579219842683,465.78333333333336,102.28333333333333
10:12:03.157110,0.15216752187029914,0.08775245308282449,0.12431597520067424,465.98333333333335,102.56666666666666
10:12:03.245291,0.20812240007102062,0.06807903564393973,0.19667276963807964,466.1333333333333,103.0
10:12:03.576078,0.056573305841179894,0.016071815961539112,0.054242378870197935,466.26666666666665,103.45
10:12:03.660590,0.16477142752905735,0.04734672130223344,0.15782240434074,466.3666666666667,103.78333333333333
10:12:03.756691,0.19942874521131262,0.03505770645268344,0.19632315613507267,466.45,104.25
10:12:03.844081,0.22007982715326882,0.05337719843650924,0.21350879374602397,466.56666666666666,104.71666666666667
10:12:03.938047,0.14367005602285754,0.04966750827013172,0.1348118081617757,466.68333333333334,105.03333333333333
10:12:04.033106,0.2228127567788323,0.03785742846285111,0.21957308508458678,466.76666666666665,105.51666666666667
10:12:04.180105,0.13353579509000893,0.02347434267930578,0.1314563190040531,466.85,105.98333333333333
10:12:04.345106,0.08334318925415547,0.015594519819619216,0.0818712290530042,466.9166666666667,106.33333333333333
10:12:04.603104,0.15079110097063889,0.0280974564065468,0.1481502246890622,467.1,107.3
10:12:04.703102,0.1320150734365463,0.02589028598235688,0.12945142991179545,467.1666666666667,107.63333333333334
10:12:04.790090,0.21369606086658838,0.05362962475866209,0.20685712406910653,467.28333333333336,108.08333333333333
10:12:04.887092,0.20788243441342416,0.04211814619278219,0.20357103993185038,467.3833333333333,108.56666666666666
10:12:04.990096,0.1461778834226322,0.038461945470351686,0.14102713339126036,467.48333333333335,108.93333333333334
10:12:05.076783,0.1995470344350004,0.060817092511329135,0.19005341409791005,467.6166666666667,109.35
10:12:05.431780,0.05562625023765278,0.015281706205988906,0.05348597172096443,467.75,109.81666666666666
10:12:05.550784,0.10977965512954038,0.03305809772082713,0.10468397611593222,467.85,110.13333333333334
10:12:05.667783,0.14095960303012983,0.034187725425775625,0.13675090170314622,467.95,110.53333333333333
10:12:05.790781,0.161699330943415,0.03794121721510859,0.15718504274829712,468.06666666666666,111.01666666666667
10:12:05.905779,0.12339365565767761,0.03389884425766551,0.11864595490180038,468.1666666666667,111.36666666666666
10:12:05.992784,0.2011427544856543,0.06130342925001935,0.19157321640632355,468.3,111.78333333333333
10:12:06.084635,0.21650448339139175,0.05080072740234297,0.2104601563811219,468.4166666666667,112.26666666666667
10:12:06.176631,0.17146763363730888,0.05859787433943875,0.16114415443346905,468.55,112.63333333333334
10:12:06.347813,0.21822672827973627,0.05741925061946418,0.2105372522713665,468.8,113.55
10:12:06.430833,0.2083545494371967,0.07315816646897656,0.19508844391730318,468.95,113.95
10:12:06.517681,0.22378248389448566,0.02302702762055347,0.22259460033196676,469.0,114.43333333333334
10:12:06.603851,0.24182775777705537,0.030947021638839327,0.23983941770101797,469.06666666666666,114.95
10:12:06.713829,0.1607822585525254,0.02540206959777528,0.15876293498610092,469.1333333333333,115.36666666666666
10:12:06.857829,0.1492578392458268,0.004662031649272775,0.14918501277686794,469.15,115.9
10:12:07.412718,0.04146965305940411,0.0011843639150444232,0.0414527370264508,469.1666666666667,116.48333333333333
10:12:07.494076,0.22643224736502865,0.03318334267882084,0.2239875630820548,469.23333333333335,116.93333333333334
10:12:07.594545,0.20514639740326018,-0.014114501228715033,0.2046602678162055,469.2,117.41666666666667
10:12:07.713545,0.19217884805257476,0.005649875870684853,0.19209577960345844,469.21666666666664,117.98333333333333
10:12:07.824544,0.16706367080735424,-0.011494329984478533,0.16666778477509062,469.18333333333334,118.46666666666667
10:12:07.907630,0.21953285120433463,-0.007835463457229271,0.21939297680262002,469.1666666666667,118.93333333333334
10:12:07.994831,0.22940315201369538,0.0,0.22940315201369538,469.1666666666667,119.43333333333334
10:12:08.081471,0.2625793975375492,-0.02307910375490246,0.2615631758888333,469.1166666666667,120.0
10:12:08.260592,0.21292798610814714,-0.018606445419499892,0.2121134777823476,469.03333333333336,120.95
10:12:08.348813,0.2806144927877749,-0.022678104022995218,0.2796966162835411,468.98333333333335,121.56666666666666
10:12:08.440704,0.20240344049768197,-0.029661953204834123,0.20021818413264295,468.9166666666667,122.01666666666667
10:12:08.526344,0.2335592654052188,0.0,0.2335592654052188,468.9166666666667,122.51666666666667
10:12:08.614712,0.21354389333342258,-0.04474365737420443,0.20880373441290737,468.81666666666666,122.98333333333333
10:12:08.698330,0.15891889017324207,-0.04785546278892414,0.15154229883155684,468.71666666666664,123.3
10:12:09.023433,0.04626307467263944,-0.010252873664366773,0.04511264412322499,468.6333333333333,123.66666666666667
10:12:09.118443,0.17785590657552394,-0.07091579402095832,0.16310632624818236,468.46666666666664,124.05
10:12:09.223540,0.05405346246691092,-0.03141793688852419,0.04398511164394673,468.3833333333333,124.16666666666667
10:12:09.334683,0.06804845634026929,-0.04481022205841009,0.051211682352462436,468.26666666666665,124.3
10:12:09.480690,0.11395062680026047,-0.03603435214926248,0.10810305644779515,468.1333333333333,124.7
10:12:09.614682,0.07985984222065456,-0.045457019099805616,0.06566013869972975,467.98333333333335,124.91666666666667
10:12:09.772683,0.045977168739547256,-0.027586301243733374,0.03678173499163405,467.8833333333333,125.05
10:12:09.913681,0.11005960723576401,-0.03354349682003476,0.10482342756261578,467.75,125.46666666666667
10:12:10.138145,0.09375621012098627,-0.06321694017133074,0.06923760114002304,467.4,125.85
10:12:10.230830,0.18213530090484611,-0.08962099650561191,0.158560224586874,467.18333333333334,126.23333333333333
10:12:10.340944,0.143808638304108,-0.09514690670199444,0.10783316092892632,466.93333333333334,126.51666666666667
10:12:10.469940,0.10416684361825318,-0.08333347489460043,0.06250010617095475,466.6666666666667,126.71666666666667
10:12:10.609937,0.1492176902336679,-0.07246651646878326,0.1304397296438107,466.4166666666667,127.16666666666667
10:12:10.747942,0.08732828323667628,-0.051642773513143087,0.07042196388155729,466.23333333333335,127.41666666666667
10:12:11.205215,0.0214385537592286,-0.015863245042107052,0.014421131856459837,466.05,127.58333333333333
10:12:11.294218,0.19261012452765097,-0.07408081712602588,0.17779396110244441,465.8833333333333,127.98333333333333
10:12:11.385817,0.13511585079600627,-0.06624206450525046,0.1177636702315738,465.73333333333335,128.25
10:12:11.474826,0.10074276060479558,-0.06739335381090235,0.07488150423431467,465.5833333333333,128.41666666666666
10:12:11.565686,0.18364881851579884,-0.05807485561087906,0.17422456683264956,465.45,128.81666666666666
10:12:11.654853,0.11819168690940775,-0.03737549311311591,0.11212647933937321,465.3666666666667,129.06666666666666
10:12:11.737825,0.09936485321247451,-0.024099516780534205,0.09639806712212312,465.31666666666666,129.26666666666668
10:12:11.831871,0.20050947091018562,-0.02835632131454381,0.19849424920180667,465.25,129.73333333333332
10:12:12.022924,0.13329644064397406,-0.04323127804669146,0.12609122763619265,465.05,130.31666666666666
10:12:12.160926,0.1678305454574778,-0.03482554447295387,0.164177566801061,464.93333333333334,130.86666666666667
10:12:12.331926,0.10181093962192654,-0.02745127606738054,0.09804027166920759,464.81666666666666,131.28333333333333
10:12:12.539925,0.06135136778770375,-0.016420317123258733,0.05911314164374712,464.73333333333335,131.58333333333334
10:12:12.699925,0.12068786104896993,-0.01984096213650911,0.11904577281900053,464.65,132.08333333333334
10:12:12.841921,0.14103968208413475,-0.0459776223377504,0.1333351047795028,464.48333333333335,132.56666666666666
10:12:13.272927,0.03659681634383584,-0.013856756716579672,0.03387207197385442,464.3333333333333,132.93333333333334
10:12:13.382936,0.21832246969033178,-0.0428165589694932,0.21408279484745557,464.21666666666664,133.51666666666668
10:12:13.494927,0.18171063634497242,-0.04129003804824923,0.17695730592114284,464.1,134.01666666666668
10:12:13.612924,0.11098921720922018,-0.028246012072051793,0.10733484587374671,464.01666666666665,134.33333333333334
10:12:13.732927,0.19979768425192962,-0.028255659479976224,0.19778961635987208,463.93333333333334,134.91666666666666
10:12:13.842924,0.19260925740857635,-0.04242428288319416,0.18787896705413817,463.81666666666666,135.43333333333334
10:12:13.960924,0.11897338330168536,-0.03418675013041988,0.1139558337680436,463.71666666666664,135.76666666666668
10:12:14.074929,0.20476131217027724,-0.0058479367788153635,0.20467778725871721,463.7,136.35
10:12:14.288926,0.18154573267713572,-0.024805936374337634,0.17984303871395843,463.56666666666666,137.31666666666666
10:12:14.403923,0.20889640254639677,-0.02873753786344319,0.20691027261683606,463.48333333333335,137.91666666666666
10:12:14.496926,0.23860001221390234,0.0,0.23860001221390234,463.48333333333335,138.48333333333332
10:12:14.600682,0.15587628906984669,-0.006489214821707265,0.15574115572058703,463.46666666666664,138.88333333333333
10:12:14.694664,0.2646831495922287,-0.020831221721685375,0.26386214180826345,463.4166666666667,139.51666666666668
10:12:14.787084,0.26007816625062846,-0.01442654098532372,0.25967773773561786,463.3833333333333,140.11666666666667
10:12:15.796067,0.016039807036894584,0.0013320334721413395,0.015984401665683583,463.4166666666667,140.51666666666668
10:12:16.065060,0.09252085799040577,0.01021721954163419,0.09195497587471207,463.48333333333335,141.11666666666667
10:12:16.315063,0.10001525519507765,0.018592002624147088,0.09827201387048204,463.6,141.73333333333332
10:12:16.506066,0.10960615186170898,0.01692065578320154,0.10829219701251988,463.68333333333334,142.26666666666668
10:12:16.713063,0.10618629994832643,0.026533622278338567,0.10281778632856478,463.81666666666666,142.78333333333333
10:12:16.884060,0.14223282328681047,0.0190475204369034,0.14095165123311895,463.9,143.4
10:12:17.067063,0.13316777507734362,0.01883276735855191,0.13182937150979915,463.98333333333335,143.98333333333332
10:12:17.528064,0.04887104979339795,0.005710154427788441,0.04853631263620661,464.05,144.55
10:12:17.907063,0.12698830303632527,0.019713389105696363,0.1254488397635187,464.23333333333335,145.71666666666667
10:12:18.130073,0.0931449254516232,0.017699576321247107,0.09144781099313858,464.3333333333333,146.23333333333332
10:12:18.415065,0.09039577356354198,0.013745326796531978,0.08934462417743833,464.43333333333334,146.88333333333333
10:12:18.631065,0.07580445722813338,0.01610311388767585,0.0740743238833298,464.51666666666665,147.26666666666668
10:12:18.843093,0.0957841827427732,0.010204188182345782,0.0952390897018669,464.56666666666666,147.73333333333332
10:12:19.010066,0.13424029038235893,0.028369375436209758,0.13120836139247918,464.7,148.35
10:12:19.574062,0.032059475787837514,0.005837686228042284,0.03152350563141519,464.78333333333336,148.8
10:12:19.702061,0.15199597017571687,0.04651216225956168,0.14470450480754776,464.93333333333334,149.26666666666668
10:12:19.821062,0.24100491368007615,0.028489887298527427,0.2393150533076809,465.01666666666665,149.96666666666667
10:12:19.951061,0.19655417640370426,0.02564137927662749,0.19487448250227796,465.1,150.6
10:12:20.076062,0.16045457419153572,0.041343150880718396,0.1550368158027028,465.23333333333335,151.1
10:12:20.220067,0.18923364258640823,0.02347154463354837,0.18777235706843498,465.31666666666666,151.76666666666668
10:12:20.363065,0.18670969500682433,0.019049778359129795,0.18573533900151953,465.3833333333333,152.41666666666666
10:12:20.510065,0.1445925245182868,0.04285711074365376,0.13809513461841286,465.53333333333336,152.9
10:12:20.768063,0.2104086076325133,0.04511314037408026,0.20551541725973127,465.8333333333333,154.26666666666668
10:12:20.901060,0.160266295195512,0.06372307097183744,0.14705324070421968,466.05,154.76666666666668
10:12:21.014059,0.22164136231508177,0.06837740155361892,0.21083032145699654,466.25,155.38333333333333
10:12:21.130311,0.2520034790025069,0.08157042123410913,0.23843661591512522,466.46666666666664,156.01666666666668
10:12:21.334325,0.11823074301853892,0.040404536270181694,0.11111247474297095,466.6666666666667,156.56666666666666
10:12:21.513314,0.1564539987219068,0.03963908996675585,0.15134925260034107,466.85,157.26666666666668
10:12:22.153307,0.04415527160196614,0.012403160743321786,0.04237746587301699,467.05,157.95
10:12:22.276315,0.17650442389412108,0.05418734880414768,0.16798078129290034,467.21666666666664,158.46666666666667
10:12:22.379304,0.24712777234699396,0.05556902898151967,0.2407991255865326,467.3666666666667,159.11666666666667
10:12:22.471659,0.29203488695354746,0.06566682061919236,0.2845562226832125,467.51666666666665,159.76666666666668
10:12:22.565263,0.2233046526627431,0.055798924245709154,0.21622083145212892,467.65,160.28333333333333
10:12:22.650278,0.2722450545214044,0.054899010382340976,0.2666523361427799,467.76666666666665,160.85
10:12:22.739840,0.27189270047350145,0.02257945977955643,0.270953517354613,467.81666666666666,161.45
10:12:22.829442,0.19577506602983266,0.029769005287623846,0.19349853436956768,467.8833333333333,161.88333333333333
10:12:23.009930,0.2414472887951927,0.02585253377500989,0.2400592421965069,468.0,162.96666666666667
10:12:23.101668,0.16572381270883996,0.04360481967793566,0.1598843388190644,468.1,163.33333333333334
10:12:23.190663,0.2067766809873221,0.030302845743214003,0.20454420876670096,468.1666666666667,163.78333333333333
10:12:23.287013,0.21245934356976826,0.01413258531077872,0.2119887796618736,468.2,164.28333333333333
10:12:23.375009,0.14724269398693524,0.014651195650382061,0.14651195650370819,468.23333333333335,164.61666666666667
10:12:23.483014,0.1681079427364653,0.031746746837658615,0.1650830835558638,468.31666666666666,165.05
10:12:23.944015,0.04008013757277334,0.005873690497571202,0.039647410858606874,468.3833333333333,165.5
10:12:24.136020,0.07980947904427722,0.013674649895731056,0.07862923690045648,468.45,165.88333333333333
10:12:24.328015,0.10848299102318631,0.01433751566022401,0.10753136745168618,468.51666666666665,166.38333333333333
10:12:24.491012,0.13829392719579878,0.007889639579274809,0.13806869263720153,468.55,166.96666666666667
10:12:24.622012,0.10553996600731022,0.014925605129996918,0.10447923590995296,468.6,167.31666666666666
10:12:24.723008,0.17150401985269212,0.0063476485588616,0.17138651108942557,468.6166666666667,167.76666666666668
10:12:24.811457,0.23864111303729302,0.0,0.23864111303729302,468.6166666666667,168.3
10:12:24.902837,0.15944387107915958,-0.029833878807761022,0.15662786374075174,468.55,168.65
10:12:25.083718,0.19234310106220356,-0.032802468218565244,0.1895253719294466,468.4,169.51666666666668
10:12:25.172868,0.136986710547482,-0.015127651497718973,0.13614886347958682,468.3666666666667,169.81666666666666
10:12:25.262004,0.14955687886292518,-0.022185335149364365,0.14790223432906635,468.31666666666666,170.15
10:12:25.380833,0.17427433395039788,-0.03063579643644772,0.17156046004414693,468.23333333333335,170.61666666666667
10:12:25.510823,0.06981428394764556,-0.025061867374143496,0.06516085517274403,468.15,170.83333333333334
10:12:25.645827,0.08277964529660561,-0.024691098132637316,0.07901151402445288,468.06666666666666,171.1
10:12:26.119692,0.03622072196963636,-0.009766190566952802,0.034879252024830755,467.95,171.51666666666668
10:12:26.204800,0.10264891262786406,-0.04590598929045769,0.09181197858094146,467.85,171.71666666666667
10:12:26.294753,0.094245632411291,-0.03624832015820465,0.08699596837964664,467.76666666666665,171.91666666666666
10:12:26.410756,0.1098418064982334,-0.04402666480724084,0.10063237670226323,467.65,172.18333333333334
10:12:26.528756,0.10907149550183148,-0.04877825566992785,0.09755651133986494,467.5,172.48333333333332
10:12:26.716761,0.08149423822809741,-0.024540471436622,0.07771149288262472,467.4,172.8
10:12:26.909759,0.052702268351089536,-0.023569170920287503,0.047138341840592235,467.28333333333336,173.03333333333333
10:12:27.081757,0.051874430853843245,-0.018621835427591472,0.04841677211171623,467.2,173.25
10:12:27.338758,0.08091900847991357,-0.02706011309713958,0.07626031872830284,467.01666666666665,173.76666666666668
10:12:27.439080,0.10736218864882328,-0.039873315857131636,0.09968328964286309,466.9166666666667,174.01666666666668
10:12:27.528767,0.118623410736157,-0.02877040306683549,0.11508161226734195,466.85,174.28333333333333
10:12:27.629817,0.16212211898410744,-0.026652712180784063,0.15991627308471573,466.78333333333336,174.68333333333334
10:12:27.720976,0.1316359090374054,0.0,0.1316359090374054,466.78333333333336,174.98333333333332
10:12:27.813905,0.10878331798788791,0.0,0.10878331798788791,466.78333333333336,175.23333333333332
10:12:28.126747,0.051214512667821024,-0.006352378485870168,0.05081902788695052,466.73333333333335,175.63333333333333
10:12:28.218760,0.12678107758016377,-0.01481325927241703,0.1259127038154437,466.7,175.91666666666666
10:12:28.301594,0.09068896694714311,0.023861845717103182,0.08749343429602693,466.75,176.1
10:12:28.398821,0.13727430574276644,0.0068551516964146025,0.13710303392842066,466.76666666666665,176.43333333333334
10:12:28.488070,0.09710982346000664,0.0,0.09710982346000664,466.76666666666665,176.65
10:12:28.582065,0.07565340843688097,0.021738846950230532,0.07246282316741451,466.81666666666666,176.81666666666666
10:12:28.674834,0.12533592314243927,0.0,0.12533592314243927,466.81666666666666,177.11666666666667
10:12:28.756201,0.09968022884288179,-0.016387328676122435,0.09832397205681845,466.78333333333336,177.31666666666666
10:12:28.944669,0.09710561391202664,-0.003594040015724277,0.09703908042431644,466.76666666666665,177.76666666666668
10:12:29.036663,0.09428690357670695,-0.014337001069885884,0.09319050695433159,466.73333333333335,177.98333333333332
10:12:29.133046,0.08328157061712603,0.013691405870641866,0.08214843522393292,466.76666666666665,178.18333333333334
10:12:29.219324,0.14682610273728874,0.0,0.14682610273728874,466.76666666666665,178.5
10:12:29.335720,0.0885562854781546,0.0,0.0885562854781546,466.76666666666665,178.73333333333332
10:12:29.523718,0.03819450932669482,0.0,0.03819450932669482,466.76666666666665,178.91666666666666
10:12:30.035849,0.030848488629700587,0.001284239385205156,0.030821745244847088,466.78333333333336,179.31666666666666
10:12:30.124825,0.1875521825803812,0.02963146330952364,0.18519664568452907,466.85,179.73333333333332
10:12:30.217813,0.14566621402700172,0.014494330031382013,0.14494330031395605,466.8833333333333,180.06666666666666
10:12:30.312766,0.2174886975065802,0.007495155485498953,0.21735950907967413,466.9,180.55
10:12:30.429771,0.14207208485352213,0.0,0.14207208485352213,466.9,180.98333333333332
10:12:30.569761,0.11042545802124205,-0.01975350644656225,0.1086442854561008,466.8333333333333,181.35
10:12:30.688766,0.17231094193384025,-0.005555527740188874,0.17222135994601612,466.81666666666666,181.86666666666667
10:12:30.830762,0.14983245653412972,0.004830792283496721,0.14975456078853017,466.8333333333333,182.38333333333333
10:12:31.137763,0.13503676955837665,0.0021096920093085754,0.13502028859541065,466.85,183.45
10:12:31.237764,0.233437679564457,0.006666927347833224,0.23334245717437885,466.8666666666667,184.03333333333333
10:12:31.335763,0.21289199857852092,0.0070924607905240925,0.21277382371591627,466.8833333333333,184.53333333333333
10:12:31.466651,0.20848138437262514,0.01640800311393407,0.20783470610978183,466.93333333333334,185.16666666666666
10:12:31.620647,0.1558054499748872,0.020325524032434386,0.15447398264654155,467.01666666666665,185.8
10:12:31.727652,0.2124086540298353,0.01923057595848328,0.21153633554326137,467.06666666666666,186.35
10:12:32.448649,0.03742917869435642,0.004642518245245385,0.03714014596197258,467.15,187.01666666666668
10:12:32.674656,0.1018210450346578,0.014814350158452989,0.10073758107743384,467.23333333333335,187.58333333333334
10:12:32.822649,0.11462950616143111,0.01743023993932589,0.11329655960562572,467.3,188.01666666666668
10:12:32.934644,0.18472292049297107,0.017242168310669322,0.1839164619804303,467.35,188.55
10:12:33.019811,0.2811998486877649,0.038684205186656176,0.27852627734398516,467.43333333333334,189.15
10:12:33.113929,0.24159486379401357,0.05013195095423074,0.23633634021277936,467.55,189.7
10:12:33.203206,0.2808802095534735,0.043806800319582326,0.2774430686907918,467.65,190.33333333333334
10:12:33.295702,0.29298290000771254,0.03725697007490744,0.29060436658413574,467.73333333333335,190.98333333333332
10:12:33.486783,0.26628939364745935,0.06214474200837366,0.2589364250348804,468.03333333333336,192.23333333333332
10:12:33.598670,0.25842509330019264,0.03741974163156243,0.2557015678157652,468.1333333333333,192.91666666666666
10:12:33.694847,0.2571949333011042,0.04659405896598761,0.2529391772439246,468.25,193.55
10:12:33.791675,0.2846497882582825,0.05451338325806947,0.2793810891976118,468.3833333333333,194.23333333333332
10:12:33.892660,0.27703501203625386,0.05939832750739527,0.2705923808669629,468.53333333333336,194.91666666666666
10:12:33.982777,0.24193580366248404,0.09619547496622557,0.22198955761439387,468.75,195.41666666666666
10:12:34.297810,0.07803799413780796,0.01692881779556276,0.07617968008003964,468.8833333333333,196.01666666666668
10:12:34.389826,0.2859113662733648,0.043474877301736214,0.28258670246121126,468.98333333333335,196.66666666666666
10:12:34.497863,0.21708848999932162,0.0571197603159385,0.20943912115847724,469.1333333333333,197.21666666666667
10:12:34.604863,0.22308275556881413,0.05555676141068651,0.21605407215262415,469.28333333333336,197.8
10:12:34.702945,0.2655138172144021,0.06594708735153029,0.25719364067101763,469.45,198.45
10:12:34.796156,0.2472868007247164,0.06506546149333006,0.23857335880882757,469.6,199.0
10:12:34.883186,0.24759612378396662,0.09195489187477725,0.22988722968695618,469.8,199.5
10:12:35.050162,0.17989533121510373,0.04166745147592867,0.17500329619893737,469.96666666666664,200.2
10:12:35.407161,0.12435933576808768,0.039325874933282136,0.11797762479984002,470.31666666666666,201.25
10:12:35.582162,0.15021299080424227,0.03550307758504615,0.14595709673854695,470.46666666666664,201.86666666666667
10:12:35.757162,0.12310215331829844,0.023392105875911777,0.12085921369217979,470.56666666666666,202.38333333333333
10:12:35.922164,0.12029976829994812,0.039216603671268974,0.11372815064667066,470.73333333333335,202.86666666666667
10:12:36.061158,0.1789501104713387,0.02721064992019417,0.17686922448132397,470.8333333333333,203.51666666666668
10:12:36.173168,0.19103990473125215,0.02298809298705581,0.18965176714321533,470.9,204.06666666666666
10:12:36.523369,0.051788258059973516,0.015230193831389028,0.04949812995199648,471.03333333333336,204.5
10:12:36.612432,0.29094998180378934,0.036998455422024804,0.2885879522918616,471.1166666666667,205.15
10:12:36.700095,0.26619129605401276,0.0,0.26619129605401276,471.1166666666667,205.73333333333332
10:12:36.788535,0.2108252288141338,0.029815189787934127,0.20870632851555157,471.18333333333334,206.2
10:12:36.878121,0.29355984289910103,0.0,0.29355984289910103,471.18333333333334,206.85
10:12:36.973686,0.25111935189007606,-0.0069728479292794085,0.25102252545428466,471.1666666666667,207.45
10:12:37.061790,0.22158652920048882,0.030277006590580892,0.21950829778173084,471.23333333333335,207.93333333333334
10:12:37.146585,0.29129202574005336,0.015722562247017083,0.29086740157008417,471.26666666666665,208.55
10:12:37.316670,0.23776848698614036,0.0038973203915347587,0.23773654388302212,471.28333333333336,209.56666666666666
10:12:37.407644,0.28157323171447873,0.007407257491262463,0.28147578466822626,471.3,210.2
10:12:37.494765,0.25587838689692016,-0.01547937847087941,0.2554097447693123,471.26666666666665,210.75
10:12:37.592100,0.15863743625150825,-0.021434012402622354,0.1571827576191981,471.21666666666664,211.11666666666667
10:12:37.756099,0.1565868027813519,-0.008230019636604814,0.15637037309563181,471.18333333333334,211.75
10:12:37.897099,0.15667599025275966,-0.014184777664486866,0.15603255430932328,471.1333333333333,212.3
10:12:38.396830,0.02683335913799242,-0.005262454686917947,0.026312273434589736,471.06666666666666,212.63333333333333
10:12:38.485411,0.22147660588564352,-0.037630407184599445,0.21825636167073323,470.98333333333335,213.11666666666667
10:12:38.573434,0.22294073549552146,-0.037879172932008535,0.21969920300554358,470.9,213.6
10:12:38.659565,0.15024015505551203,-0.03095104661598753,0.1470174714259474,470.8333333333333,213.91666666666666
10:12:38.756536,0.20637388171088872,-0.006875310833642626,0.2062593250094664,470.81666666666666,214.41666666666666
10:12:38.843462,0.245610060491642,0.007671569420926622,0.2454902214698743,470.8333333333333,214.95
10:12:38.927550,0.16319762714771852,-0.01623877083658525,0.16238770836600477,470.8,215.28333333333333
10:12:39.015104,0.22139783860279466,-0.014727165155971769,0.22090747733940075,470.76666666666665,215.78333333333333
10:12:39.190351,0.1623282863074271,-0.015390197532664003,0.1615970740929786,470.7,216.48333333333332
10:12:39.309351,0.15249649084254033,-0.011695946939820533,0.15204731021780654,470.6666666666667,216.91666666666666
10:12:39.408346,0.16520664184701325,0.006349407038030381,0.16508458298894152,470.68333333333334,217.35
10:12:39.510352,0.09646187435060777,-0.006872623983778548,0.09621673577299342,470.6666666666667,217.58333333333334
10:12:39.628356,0.14218407529025598,-0.005464577926490847,0.14207902608840792,470.65,218.01666666666668
10:12:39.732461,0.1547067076891466,0.0,0.1547067076891466,470.65,218.4
10:12:40.123462,0.02248323699229351,-0.0034187377099591317,0.02222179511475476,470.6166666666667,218.61666666666667
10:12:40.278464,0.10967263831253185,-0.014184969553905753,0.1087514332465839,470.56666666666666,219.0
10:12:40.437465,0.10880232056144194,-0.007751844371834578,0.10852582120578323,470.53333333333336,219.46666666666667
10:12:40.578466,0.08563053419870591,-0.00945631057017451,0.08510679513150608,470.5,219.76666666666668
10:12:40.712462,0.12410715646062433,-0.019607751840137636,0.1225484490008644,470.43333333333334,220.18333333333334
10:12:40.852466,0.11539442600622167,-0.014925020905616773,0.11442516027636698,470.3833333333333,220.56666666666666
10:12:40.999462,0.06711638103467588,0.0,0.06711638103467588,470.3833333333333,220.81666666666666
10:12:41.152465,0.10021763254535718,0.0,0.10021763254535718,470.3833333333333,221.2
10:12:41.436462,0.0900832356609273,-0.004613590571309743,0.0899650161406226,470.35,221.85
10:12:41.554459,0.11110989254062989,0.0,0.11110989254062989,470.35,222.18333333333334
10:12:41.644615,0.1757320995366378,-0.007315823027143662,0.17557975265101125,470.3333333333333,222.58333333333334
10:12:41.732589,0.11013769371365538,0.007326250407221075,0.10989375610804127,470.35,222.83333333333334
10:12:41.845589,0.14965563000949572,0.006230245396534674,0.14952588951695966,470.3666666666667,223.23333333333332
10:12:41.957588,0.20998515192578138,-0.02318898078022037,0.2087008270220031,470.3,223.83333333333334
10:12:42.274593,0.048878496386602216,-0.0021231462098316137,0.04883236282617056,470.28333333333336,224.21666666666667
10:12:42.398591,0.13797157275664929,-0.010581936576064046,0.13756517548872435,470.25,224.65
10:12:42.492614,0.23527207245256995,-0.027489482463123976,0.23366060093656552,470.18333333333334,225.21666666666667
10:12:42.579664,0.1823173827018256,-0.015140634532162809,0.1816876143858117,470.15,225.61666666666667
10:12:42.664186,0.24646146629030108,-0.03154000351546863,0.24443502724488858,470.0833333333333,226.13333333333333
10:12:42.756636,0.24337082945731794,-0.03645825944855052,0.24062451236049312,470.0,226.68333333333334
10:12:42.853161,0.2340368047699325,-0.05154915056640946,0.2282890953655061,469.8833333333333,227.2
10:12:42.973162,0.1500568676006215,-0.027323744006664624,0.1475482176360281,469.8,227.65
10:12:43.183630,0.2365864652293557,-0.051687599818601264,0.23087127918975384,469.55,228.76666666666668
10:12:43.324632,0.15120627995661415,-0.03463218561637983,0.14718678886962167,469.4166666666667,229.33333333333334
10:12:43.476631,0.15876044771939943,-0.03030255253512042,0.1558416987520363,469.3,229.93333333333334
10:12:43.624629,0.18711430302060506,-0.047619336318130395,0.18095347800887276,469.1333333333333,230.56666666666666
10:12:43.768634,0.17173009862696062,-0.03111104188157607,0.16888851307139993,469.01666666666665,231.2
10:12:43.883630,0.2572562770331657,-0.04407859271899187,0.2534519081342221,468.8833333333333,231.96666666666667
10:12:44.301649,0.07353222068715264,-0.017460453051800797,0.07142912612100177,468.7,232.71666666666667
10:12:44.390872,0.31712994913582054,-0.06799497450777515,0.3097548838688022,468.55,233.4
10:12:44.491295,0.33954292857370816,-0.07212898355204299,0.33179332433935343,468.3833333333333,234.16666666666666
10:12:44.583254,0.30122606060403334,-0.07925781962310408,0.29061200528473746,468.18333333333334,234.9
10:12:44.678171,0.2840558119331034,-0.06387264974618322,0.27678148223350496,468.03333333333336,235.55
10:12:44.769169,0.34337743668654513,-0.0659324532147882,0.33698809420883413,467.8833333333333,236.31666666666666
10:12:44.858834,0.3353479731177796,-0.08823588872438563,0.3235315919894391,467.68333333333334,237.05
10:12:44.949226,0.29305650673845834,-0.07458091727524617,0.28340748564589985,467.51666666666665,237.68333333333334
10:12:45.142519,0.3122696734262965,-0.06519522626796044,0.30538816514992084,467.2,239.16666666666666
10:12:45.236057,0.253361416523885,-0.06483330155964825,0.24492580589204,467.05,239.73333333333332
10:12:45.339618,0.3013732441901064,-0.04735027194839538,0.29763028081847204,466.93333333333334,240.46666666666667
10:12:45.465616,0.24566602717426175,-0.020832437439543057,0.24478113991464426,466.8666666666667,241.25
10:12:45.586616,0.18934698907656342,-0.0275488490289245,0.18733217339672795,466.78333333333336,241.81666666666666
10:12:45.706617,0.23139180062678363,-0.028010989876984353,0.2296901169911685,466.7,242.5
10:12:46.359620,0.04433149438571201,-0.005120325645709458,0.04403480055311147,466.6166666666667,243.21666666666667
10:12:46.487619,0.18183151068521095,-0.02645539208728919,0.1798966661936062,466.53333333333336,243.78333333333333
10:12:46.585619,0.2375249811708546,-0.012820472143715017,0.23717873465854197,466.5,244.4
10:12:46.696615,0.24089983040798882,-0.018016885847636277,0.2402251446350923,466.45,245.06666666666666
10:12:46.788849,0.23972272940437006,-0.028009502773866785,0.2380807735778796,466.3833333333333,245.63333333333333
10:12:46.885822,0.2592864843602941,-0.034723100447121034,0.25695094330875723,466.3,246.25
10:12:46.974961,0.3081054479380099,-0.021951604250792005,0.3073224595110132,466.25,246.95
10:12:47.065044,0.2497186370990236,-0.03740919518085194,0.246900688193684,466.1666666666667,247.5
10:12:47.236164,0.2970511967581903,-0.0431063430421628,0.29390688437837664,465.98333333333335,248.75
10:12:47.332843,0.2289761560150767,-0.040960500006112906,0.2252827500335744,465.8833333333333,249.3
10:12:47.426110,0.23162104937765202,-0.04949669531764637,0.22627060716636788,465.76666666666665,249.83333333333334
10:12:47.519213,0.28146521435951,-0.04389803917462774,0.2780209147727339,465.6666666666667,250.46666666666667
10:12:47.605347,0.2191026375043922,-0.045908375974836,0.21423908788252014,465.56666666666666,250.93333333333334
10:12:47.693730,0.2507569469112892,-0.06789133425775522,0.2413914106942765,465.4166666666667,251.46666666666667
10:12:48.012969,0.080043537253674,-0.008379340449462418,0.07960373426989654,465.35,252.1
10:12:48.098635,0.22568347304634429,0.0,0.22568347304634429,465.35,252.58333333333334
10:12:48.188058,0.23149856632208785,-0.03686208129988661,0.22854490405918632,465.26666666666665,253.1
10:12:48.286064,0.26199034061123105,-0.020619290962143943,0.2611776855204274,465.21666666666664,253.73333333333332
10:12:48.380086,0.21064265030261975,-0.007017524134578436,0.21052572403754455,465.2,254.23333333333332
10:12:48.474481,0.20743743033508302,-0.01427212908635964,0.20694587175240947,465.1666666666667,254.71666666666667
10:12:48.616478,0.17545373068720221,-0.009732421884071769,0.17518359391315078,465.1333333333333,255.31666666666666
10:12:48.765483,0.12612571813967574,0.0,0.12612571813967574,465.1333333333333,255.78333333333333
10:12:49.049475,0.11999528355976662,-0.016316961145962476,0.11888071692057524,465.01666666666665,256.6333333333333
10:12:49.177478,0.11212648449343263,-0.0053333129883540095,0.11199957275554333,465.0,256.98333333333335
10:12:49.274481,0.15588557625765315,-0.012945592482604542,0.15534710979112207,464.96666666666664,257.3833333333333
10:12:49.379934,0.1843064565956831,-0.018964977923255667,0.18332811992497727,464.9166666666667,257.8666666666667
10:12:49.480953,0.15347614331536402,-0.006666577658268866,0.1533312861397974,464.9,258.25
10:12:49.589936,0.13511385424952793,-0.01223263359514984,0.1345589695467734,464.8666666666667,258.6166666666667
10:12:49.996953,0.047854695558539245,0.0,0.047854695558539245,464.8666666666667,259.1
10:12:50.101929,0.1590249324283448,0.0,0.1590249324283448,464.8666666666667,259.53333333333336
10:12:50.221931,0.15595295436501028,-0.011111187935415505,0.15555663109568443,464.8333333333333,260.0
10:12:50.318021,0.23387826899852607,-0.01373380484609098,0.23347468238375743,464.8,260.56666666666666
10:12:50.433021,0.14631777951466413,0.005848034622758256,0.14620086556909603,464.81666666666666,260.98333333333335
10:12:50.557022,0.1707927678352648,0.0,0.1707927678352648,464.81666666666666,261.5
10:12:50.684013,0.21004078250704614,0.005249379387849813,0.20997517551418948,464.8333333333333,262.1666666666667
10:12:50.814018,0.19450619880709485,0.01049852226613812,0.19422266192340304,464.8666666666667,262.78333333333336
10:12:51.036018,0.23190047125406577,-0.0028985294519047154,0.23188235615258485,464.85,264.1166666666667
10:12:51.138922,0.21208149686425404,0.02042857943017544,0.21109532077866533,464.9,264.6333333333333
10:12:51.288925,0.17454765616134235,-0.0044741103896548074,0.17449030519670533,464.8833333333333,265.28333333333336
10:12:51.440925,0.18427088593772267,0.004386158979937638,0.18421867715754534,464.9,265.98333333333335
10:12:51.588923,0.14930546368907394,0.018519063561392986,0.1481525084911439,464.96666666666664,266.51666666666665
10:12:51.733918,0.13249779693321695,-0.00456617562607124,0.13241909315619055,464.95,267.0
10:12:52.167917,0.05071431631291928,0.0015360923493006088,0.05069104752696724,464.96666666666664,267.55
10:12:52.291919,0.13542042807258178,0.0,0.13542042807258178,464.96666666666664,267.98333333333335
10:12:52.403922,0.18461666556654055,-0.005952280193848317,0.1845206860094602,464.95,268.5
10:12:52.499479,0.22642679675192268,-0.020499718967957232,0.22549690864748295,464.9,269.05
10:12:52.604668,0.16153069681829185,-0.0329448727857611,0.15813538937168026,464.81666666666666,269.45
10:12:52.719661,0.1322489801230319,-0.04519517155733452,0.12428672178267954,464.68333333333334,269.81666666666666
10:12:52.824660,0.23641137498794199,-0.05128482780966762,0.23078172514352616,464.55,270.4166666666667
10:12:52.925273,0.23278761098333348,-0.050498723025125765,0.22724425361306597,464.4166666666667,271.01666666666665
10:12:53.099702,0.2484297237500641,-0.061151932000024146,0.24078573225006,464.15,272.06666666666666
10:12:53.188767,0.2818736845134777,-0.052397969409048784,0.27696069544794966,464.03333333333336,272.68333333333334
10:12:53.282667,0.1651683606526308,-0.07101142466292296,0.14912399179213093,463.8666666666667,273.03333333333336
10:12:53.369850,0.26400739671887197,-0.060468078243103796,0.256989332533204,463.73333333333335,273.6
10:12:53.460690,0.25196361394915806,-0.059362633902109864,0.24487086484619688,463.6,274.15
10:12:53.548434,0.2043459961267346,-0.06009526572749976,0.19530961361430377,463.46666666666664,274.5833333333333
10:12:53.966439,0.055212116547199326,-0.013007976073136687,0.05365790130169299,463.3333333333333,275.1333333333333
10:12:54.105439,0.16179561690619262,-0.033573271401440015,0.1582739937496388,463.21666666666664,275.68333333333334
10:12:54.246440,0.14156310875471848,-0.041959194289795214,0.13520184826714263,463.06666666666666,276.1666666666667
10:12:54.359437,0.22321289788277376,-0.03669597436543229,0.22017584619253114,462.96666666666664,276.76666666666665
10:12:54.456464,0.2004831095469653,-0.03809618271035121,0.1968302773368976,462.8666666666667,277.28333333333336
10:12:54.545735,0.147154691490474,-0.04431289354689762,0.14032416289847555,462.76666666666665,277.6
10:12:54.628006,0.2612354685896313,-0.03240227201180242,0.2592181760944194,462.7,278.1333333333333
10:12:54.724099,0.1996553548635745,-0.013736706016811625,0.19918223724395592,462.6666666666667,278.6166666666667
10:12:54.908965,0.18430061622979033,-0.0036852753432272296,0.18426376716089643,462.65,279.45
10:12:54.994990,0.20988957042133963,-0.007491280006923101,0.20975584019405122,462.6333333333333,279.9166666666667
10:12:55.079990,0.1976233451974605,-0.038757126673200075,0.19378563336602678,462.55,280.3333333333333
10:12:55.167970,0.26994464841140803,-0.030651294629193988,0.26819882800548006,462.48333333333335,280.9166666666667
10:12:55.264461,0.2214835129851808,-0.034191933766708794,0.2188283761068243,462.4,281.45
10:12:55.357798,0.20929173449352317,-0.0395241985716067,0.2055258325724034,462.31666666666666,281.8833333333333
10:12:55.851797,0.05017830401767956,-0.008032099258369545,0.04953127875993488,462.21666666666664,282.5
10:12:55.963791,0.19290054997638215,-0.04678525545836954,0.18714102183349812,462.0833333333333,283.03333333333336
10:12:56.045800,0.15057633189611896,-0.04761641705051152,0.1428492511515616,461.98333333333335,283.3333333333333
10:12:56.133672,0.16639446524048712,-0.06828241103771682,0.15173869119490901,461.8333333333333,283.6666666666667
10:12:56.220016,0.19759153145148958,-0.06248392857475032,0.18745178572425095,461.7,284.06666666666666
10:12:56.311204,0.1943252394547107,-0.06582174178006132,0.18283817161131746,461.55,284.48333333333335
10:12:56.437243,0.1866839215845955,-0.04527750160575884,0.18111000642301328,461.43333333333334,284.95
10:12:56.609243,0.09497842326452154,-0.03527410085525906,0.08818525213814164,461.26666666666665,285.3666666666667
10:12:56.885243,0.13820243481146688,-0.03636346612174549,0.13333270911306955,461.01666666666665,286.28333333333336
10:12:57.004257,0.2197814934311547,-0.061112019322789715,0.2111142485696303,460.8333333333333,286.9166666666667
10:12:57.099244,0.1922131662988572,-0.058818993483719106,0.18299242417158787,460.68333333333334,287.3833333333333
10:12:57.189418,0.24312770726599744,-0.08130429894354886,0.22913029702271714,460.5,287.9
10:12:57.288107,0.3217487789694638,-0.09558080058338511,0.30722400187514654,460.26666666666665,288.65
10:12:57.378142,0.2524502470293371,-0.07321243857947873,0.24160104731233972,460.1,289.2
10:12:57.724743,0.05420045237561163,-0.025005527030724103,0.0480875519821572,459.8833333333333,289.6166666666667
10:12:57.820145,0.3138291679689693,-0.09279417836251697,0.2997965762481635,459.6666666666667,290.31666666666666
10:12:57.919151,0.2199049436539773,-0.053334782957691625,0.21333913183078923,459.53333333333336,290.85
10:12:58.015814,0.16686707963732672,-0.060806255119387344,0.15539376308284036,459.3833333333333,291.23333333333335
10:12:58.099856,0.2963637826709589,-0.07931994788033044,0.2855518123691409,459.21666666666664,291.8333333333333
10:12:58.191681,0.1667914383659801,-0.05937697274062962,0.15586455344417174,459.0833333333333,292.18333333333334
10:12:58.287482,0.0882211243077949,-0.06888912430594879,0.05511129944476843,458.9166666666667,292.31666666666666
10:12:58.375577,0.1490243533425886,-0.06052452227116112,0.13618017511012542,458.78333333333336,292.6166666666667
