<?xml version="1.0"?>
<opencv_storage>
<cascade>
  <stageType>BOOST</stageType>
  <featureType>LBP</featureType>
  <height>30</height>
  <width>30</width>
  <stageParams>
    <boostType>GAB</boostType>
    <minHitRate>9.9500000476837158e-01</minHitRate>
    <maxFalseAlarm>5.0000000000000000e-01</maxFalseAlarm>
    <weightTrimRate>9.4999998807907104e-01</weightTrimRate>
    <maxDepth>1</maxDepth>
    <maxWeakCount>100</maxWeakCount></stageParams>
  <featureParams>
    <maxCatCount>256</maxCatCount>
    <featSize>1</featSize></featureParams>
  <stageNum>20</stageNum>
  <stages>
    <!-- stage 0 -->
    <_>
      <maxWeakCount>3</maxWeakCount>
      <stageThreshold>-1.0278985500335693e+00</stageThreshold>
      <weakClassifiers>
        <_>
          <internalNodes>
            0 -1 97 -247136260 -2752545 -548274209 -2228353 -132097
            -1189713 -3407873 -2098177</internalNodes>
          <leafValues>
            -8.5888177156448364e-01 6.2683755159378052e-01</leafValues></_>
        <_>
          <internalNodes>
            0 -1 131 -15158276 -572780044 358112733 -33744931
            -1148675331 -1141360487 -1078412545 -1962407927</internalNodes>
          <leafValues>
            -7.2644823789596558e-01 5.7236325740814209e-01</leafValues></_>
        <_>
          <internalNodes>
            0 -1 108 -589498672 -34022824 -652911105 -2256625 -796087608
            -721941592 -73687298 -1073935862</internalNodes>
          <leafValues>
            -6.4416390657424927e-01 5.5743145942687988e-01</leafValues></_></weakClassifiers></_>
    <!-- stage 1 -->
    <_>
      <maxWeakCount>6</maxWeakCount>
      <stageThreshold>-1.7009398937225342e+00</stageThreshold>
      <weakClassifiers>
        <_>
          <internalNodes>
            0 -1 25 -2031630 -1 -534529 -2049 -201981963 -4195345 -1 -1</internalNodes>
          <leafValues>
            -7.8885012865066528e-01 4.4294214248657227e-01</leafValues></_>
        <_>
          <internalNodes>
            0 -1 119 -197634 -4325456 -10617345 -2228228 -67305474
            -460308 -2293766 -3307382</internalNodes>
          <leafValues>
            -5.9711486101150513e-01 5.3837031126022339e-01</leafValues></_>
        <_>
          <internalNodes>
            0 -1 5 -2031884 -5111308 -44507137 -571390256 -1885233153
            -45839 -345964561 1598506324</internalNodes>
          <leafValues>
            -6.4034193754196167e-01 4.7984099388122559e-01</leafValues></_>
        <_>
          <internalNodes>
            0 -1 60 -353376766 425998 -792313856 1089464519 1130562304
            74777089 1128785664 -185075809</internalNodes>
          <leafValues>
            -6.3066524267196655e-01 4.9759835004806519e-01</leafValues></_>
        <_>
          <internalNodes>
            0 -1 137 -13631723 874983685 -69468675 492777823 -67256386
            -1148544577 -1079198785 976989739</internalNodes>
          <leafValues>
            -5.2892166376113892e-01 5.2626985311508179e-01</leafValues></_>
        <_>
          <internalNodes>
            0 -1 45 -528961 1071361963 -2142796373 1204496046 593701799
            590095157 -1475673334 1246251</internalNodes>
          <leafValues>
            -7.1468895673751831e-01 3.6477103829383850e-01</leafValues></_></weakClassifiers></_>
    <!-- stage 2 -->
    <_>
      <maxWeakCount>5</maxWeakCount>
      <stageThreshold>-1.2647986412048340e+00</stageThreshold>
      <weakClassifiers>
        <_>
          <internalNodes>
            0 -1 87 -2752513 -2228226 -2752513 -139780 -69337089 -484616
            -2097153 -10683688</internalNodes>
          <leafValues>
            -7.7941495180130005e-01 3.8024264574050903e-01</leafValues></_>
        <_>
          <internalNodes>
            0 -1 143 -549454027 288822065 -537666051 357908351 -6308161
            -1178606914 -21431361 708835883</internalNodes>
          <leafValues>
            -6.7602396011352539e-01 4.6420490741729736e-01</leafValues></_>
        <_>
          <internalNodes>
            0 -1 2 -3073 -67125257 -336229378 1071624059 -17409
            -1153562132 704064238 551756782</internalNodes>
          <leafValues>
            -6.4645045995712280e-01 4.2468929290771484e-01</leafValues></_>
        <_>
          <internalNodes>
            0 -1 71 -1024466294 6480518 1654974466 1076034278 1898914562
            2368854 -197134448 -754978817</internalNodes>
          <leafValues>
            -5.5666035413742065e-01 4.4602498412132263e-01</leafValues></_>
        <_>
          <internalNodes>
            0 -1 136 -1112008456 -1648840228 -6538755 -1074771524
            -1078419780 -497415 1606188540 -1077397044</internalNodes>
          <leafValues>
            -6.7426496744155884e-01 3.9106577634811401e-01</leafValues></_></weakClassifiers></_>
    <!-- stage 3 -->
    <_>
      <maxWeakCount>7</maxWeakCount>
      <stageThreshold>-1.4106109142303467e+00</stageThreshold>
      <weakClassifiers>
        <_>
          <internalNodes>
            0 -1 152 -51576836 -33760259 -1149242369 -1025 -71303169
            -67112961 -20971841 -16777217</internalNodes>
          <leafValues>
            -8.3067297935485840e-01 2.0993165671825409e-01</leafValues></_>
        <_>
          <internalNodes>
            0 -1 10 -949039113 -536899585 -282066945 -2109987 71583183
            -309274 801013759 1878984623</internalNodes>
          <leafValues>
            -6.1417311429977417e-01 4.5900329947471619e-01</leafValues></_>
        <_>
          <internalNodes>
            0 -1 203 -18358554 -788273 -163119386 -192352538 -866729268
            -321455450 -353965842 -530389274</internalNodes>
          <leafValues>
            -5.9819728136062622e-01 4.3000388145446777e-01</leafValues></_>
        <_>
          <internalNodes>
            0 -1 0 -335544321 -642842673 -69206275 -1891188736
            -339739409 -559420421 -310 1073954818</internalNodes>
          <leafValues>
            -5.6187343597412109e-01 3.9129492640495300e-01</leafValues></_>
        <_>
          <internalNodes>
            0 -1 88 2046623709 -42089988 -10690563 -35782659 -270598408
            -1194808656 -6492422 -590295912</internalNodes>
          <leafValues>
            -5.1814156770706177e-01 4.3906316161155701e-01</leafValues></_>
        <_>
          <internalNodes>
            0 -1 140 1031806204 -34330019 1039170557 -455715 -1095198723
            -1107783751 -1078411329 789056525</internalNodes>
          <leafValues>
            -6.7494654655456543e-01 3.3360746502876282e-01</leafValues></_>
        <_>
          <internalNodes>
            0 -1 82 -218107990 579813774 -320961438 -529880478
            -471607994 72509466 -212865390 -135791697</internalNodes>
          <leafValues>
            -5.2008295059204102e-01 4.2567172646522522e-01</leafValues></_></weakClassifiers></_>
    <!-- stage 4 -->
    <_>
      <maxWeakCount>7</maxWeakCount>
      <stageThreshold>-1.3891789913177490e+00</stageThreshold>
      <weakClassifiers>
        <_>
          <internalNodes>
            0 -1 20 -34275330 -524289 -513 -4195329 -2752513 -4129 -1025
            -1</internalNodes>
          <leafValues>
            -7.6784217357635498e-01 2.1446873247623444e-01</leafValues></_>
        <_>
          <internalNodes>
            0 -1 9 -276828161 -524289 -41943041 -6659 1106511855 -57633
            1874030591 1878476663</internalNodes>
          <leafValues>
            -5.8114159107208252e-01 4.1650730371475220e-01</leafValues></_>
        <_>
          <internalNodes>
            0 -1 197 -1048721 1618474599 -50922002 1625747174 -1179785
            -176688521 -83888320 -260573273</internalNodes>
          <leafValues>
            -5.4515063762664795e-01 3.9016714692115784e-01</leafValues></_>
        <_>
          <internalNodes>
            0 -1 157 -407618220 -720900 -14877188 -1294468 1035223036
            -197412 -770052 -1073987908</internalNodes>
          <leafValues>
            -6.0357272624969482e-01 3.5258778929710388e-01</leafValues></_>
        <_>
          <internalNodes>
            0 -1 141 -61277892 2105343903 -10995715 -574783635 -589892
            -1094959364 -1105676104 134807343</internalNodes>
          <leafValues>
            -6.2946391105651855e-01 3.2243093848228455e-01</leafValues></_>
        <_>
          <internalNodes>
            0 -1 43 -149491721 -918529 -279519493 -5048454 1431601141
            -271548488 -67928129 1886409057</internalNodes>
          <leafValues>
            -5.4858648777008057e-01 3.7212598323822021e-01</leafValues></_>
        <_>
          <internalNodes>
            0 -1 36 -269488518 -286074890 -329870 -1599018334 -839399434
            -34210891 -13145093 -786493</internalNodes>
          <leafValues>
            -4.7894138097763062e-01 4.1397127509117126e-01</leafValues></_></weakClassifiers></_>
    <!-- stage 5 -->
    <_>
      <maxWeakCount>8</maxWeakCount>
      <stageThreshold>-1.6649374961853027e+00</stageThreshold>
      <weakClassifiers>
        <_>
          <internalNodes>
            0 -1 150 -8388745 1966473015 -1 -1 -131073 -167772673 -1
            -33554433</internalNodes>
          <leafValues>
            -5.9055119752883911e-01 5.3006100654602051e-01</leafValues></_>
        <_>
          <internalNodes>
            0 -1 24 116387839 -2621441 803155967 -4310021 91717631
            -557057 1071611903 2147450879</internalNodes>
          <leafValues>
            -5.7550776004791260e-01 4.2532980442047119e-01</leafValues></_>
        <_>
          <internalNodes>
            0 -1 148 -33694209 1429476853 -65537 -917515 -71565313
            -100803587 -65537 -105851404</internalNodes>
          <leafValues>
            -4.7736641764640808e-01 3.9620500802993774e-01</leafValues></_>
        <_>
          <internalNodes>
            0 -1 187 -33 1997274895 -67133942 -1442137558 -41419361
            -1659375849 -54531070 67629574</internalNodes>
          <leafValues>
            -5.5704832077026367e-01 3.5311645269393921e-01</leafValues></_>
        <_>
          <internalNodes>
            0 -1 129 1073230237 -184995 -537247779 -188931 -7800899
            -4341767 -1095958531 708316428</internalNodes>
          <leafValues>
            -6.4531803131103516e-01 3.0410751700401306e-01</leafValues></_>
        <_>
          <internalNodes>
            0 -1 11 -121 -756025374 -2098400 -224463486 -151260251
            -454623469 -789055744 -457706121</internalNodes>
          <leafValues>
            -5.0614017248153687e-01 3.7064281105995178e-01</leafValues></_>
        <_>
          <internalNodes>
            0 -1 16 -536949249 -592386 -270667777 -1880962336 1232363517
            -901674 1601925097 1876968464</internalNodes>
          <leafValues>
            -4.8279958963394165e-01 3.7963056564331055e-01</leafValues></_>
        <_>
          <internalNodes>
            0 -1 29 -890835294 -3421185 -287365121 -103644734
            -2100208677 -815900042 -33793 -165010</internalNodes>
          <leafValues>
            -5.1563322544097900e-01 3.4973928332328796e-01</leafValues></_></weakClassifiers></_>
    <!-- stage 6 -->
    <_>
      <maxWeakCount>9</maxWeakCount>
      <stageThreshold>-1.5856810808181763e+00</stageThreshold>
      <weakClassifiers>
        <_>
          <internalNodes>
            0 -1 17 -1 1071644671 -1074713601 1071644671 2080374783
            1073741823 2111779327 2080373759</internalNodes>
          <leafValues>
            -7.0961928367614746e-01 2.1234890818595886e-01</leafValues></_>
        <_>
          <internalNodes>
            0 -1 180 -137 -143261835 -10748033 -168296649 -17039365
            -12598273 -58726801 539230007</internalNodes>
          <leafValues>
            -5.4340124130249023e-01 3.7724316120147705e-01</leafValues></_>
        <_>
          <internalNodes>
            0 -1 124 -30355460 -983044 -2576388 -245796 -539107364
            -655873 -33576484 -1078449416</internalNodes>
          <leafValues>
            -5.6653249263763428e-01 3.4686467051506042e-01</leafValues></_>
        <_>
          <internalNodes>
            0 -1 61 -286267902 -2098205745 -992810974 -2130776482
            1464030995 5764949 -1040746750 -134742153</internalNodes>
          <leafValues>
            -4.6305605769157410e-01 4.0805411338806152e-01</leafValues></_>
        <_>
          <internalNodes>
            0 -1 44 -389349408 -671690544 -1116199 -201853712 -37880833
            -3088 -555614979 -704645899</internalNodes>
          <leafValues>
            -4.8284786939620972e-01 3.8067606091499329e-01</leafValues></_>
        <_>
          <internalNodes>
            0 -1 182 -529732452 -570631138 2146271743 -1073746945
            1877736190 -18878533 -1443120450 -1396773122</internalNodes>
          <leafValues>
            -7.0316499471664429e-01 2.7873733639717102e-01</leafValues></_>
        <_>
          <internalNodes>
            0 -1 40 -37814413 -204801 -591881 -9273552 2146795280
            -67895561 -67674831 -9214720</internalNodes>
          <leafValues>
            -4.8537519574165344e-01 3.3423200249671936e-01</leafValues></_>
        <_>
          <internalNodes>
            0 -1 37 -286855578 -453857310 -294238232 -1365087742
            -538227533 -1110971403 -301996053 -336083225</internalNodes>
          <leafValues>
            -5.4449564218521118e-01 3.1522542238235474e-01</leafValues></_>
        <_>
          <internalNodes>
            0 -1 123 -12583116 537869317 -1118052387 535779711
            -105909334 683650495 -298910213 675020351</internalNodes>
          <leafValues>
            -5.7255679368972778e-01 3.0144992470741272e-01</leafValues></_></weakClassifiers></_>
    <!-- stage 7 -->
    <_>
      <maxWeakCount>9</maxWeakCount>
      <stageThreshold>-1.9003978967666626e+00</stageThreshold>
      <weakClassifiers>
        <_>
          <internalNodes>
            0 -1 176 -8388745 1970798391 -671350785 -134217729 -9
            1970780535 -270532609 -134217729</internalNodes>
          <leafValues>
            -6.0646492242813110e-01 3.3363929390907288e-01</leafValues></_>
        <_>
          <internalNodes>
            0 -1 7 -529665 1862675339 -1008271337 263129843 1330055216
            202444175 1328483387 1341345535</internalNodes>
          <leafValues>
            -5.6987792253494263e-01 3.0573040246963501e-01</leafValues></_>
        <_>
          <internalNodes>
            0 -1 107 -2228226 -263238 -2097217 -131085 -68031746
            -1118230 -524289 -3282294</internalNodes>
          <leafValues>
            -4.1057762503623962e-01 4.4666114449501038e-01</leafValues></_>
        <_>
          <internalNodes>
            0 -1 100 -4521987 -239619 -541065219 -131715 -1073872897
            -65539 -268501249 -1347484403</internalNodes>
          <leafValues>
            -3.4457916021347046e-01 5.1205551624298096e-01</leafValues></_>
        <_>
          <internalNodes>
            0 -1 59 -287380482 -51191810 -537083906 -894246 -2059118955
            -118428748 -616529969 -4889261</internalNodes>
          <leafValues>
            -4.3256375193595886e-01 4.2656224966049194e-01</leafValues></_>
        <_>
          <internalNodes>
            0 -1 205 -1037 1463255046 1362348160 345088 -134847993
            1754169442 -143160176 1078452227</internalNodes>
          <leafValues>
            -4.7046777606010437e-01 3.5219892859458923e-01</leafValues></_>
        <_>
          <internalNodes>
            0 -1 50 6451199 -720898 257894647 -15667249 1046577151
            -5289579 2146271215 2145679354</internalNodes>
          <leafValues>
            -5.4237949848175049e-01 2.8674614429473877e-01</leafValues></_>
        <_>
          <internalNodes>
            0 -1 84 -84414646 552529486 -959517566 1651179270 2139092263
            1415010133 -150996313 -150995329</internalNodes>
          <leafValues>
            -4.7526556253433228e-01 3.2319307327270508e-01</leafValues></_>
        <_>
          <internalNodes>
            0 -1 156 -621011940 2143213375 2069381023 498900927
            -155656712 -1075264357 -1406604104 673726239</internalNodes>
          <leafValues>
            -6.2740695476531982e-01 2.6352667808532715e-01</leafValues></_></weakClassifiers></_>
    <!-- stage 8 -->
    <_>
      <maxWeakCount>11</maxWeakCount>
      <stageThreshold>-1.9706207513809204e+00</stageThreshold>
      <weakClassifiers>
        <_>
          <internalNodes>
            0 -1 57 -16777217 -41 -146801153 -34081435 -453248001
            -268443649 -352322050 -990382761</internalNodes>
          <leafValues>
            -5.9135562181472778e-01 3.0642542243003845e-01</leafValues></_>
        <_>
          <internalNodes>
            0 -1 114 -170001409 -138444877 -76022785 -131074 -335547393
            -65560 -67108865 -36906296</internalNodes>
          <leafValues>
            -5.4159593582153320e-01 3.1786027550697327e-01</leafValues></_>
        <_>
          <internalNodes>
            0 -1 144 -8915179 268793601 -131587 2113929023 -570425347
            -1260584963 -1027 -33554689</internalNodes>
          <leafValues>
            -4.0753388404846191e-01 4.5203256607055664e-01</leafValues></_>
        <_>
          <internalNodes>
            0 -1 207 -193 -148134394 -221591902 572710914 -774379445
            1696781889 -438312350 1074000691</internalNodes>
          <leafValues>
            -4.8204517364501953e-01 3.2303076982498169e-01</leafValues></_>
        <_>
          <internalNodes>
            0 -1 30 -151853262 -6272545 1876360695 -1915278 -273662284
            -4479662 -2105381 -8688270</internalNodes>
          <leafValues>
            -5.7151371240615845e-01 2.8614324331283569e-01</leafValues></_>
        <_>
          <internalNodes>
            0 -1 74 -352335090 1624223434 -221311486 -487588882
            1946108231 1383552887 -84416761 -218103809</internalNodes>
          <leafValues>
            -4.6083375811576843e-01 3.4201383590698242e-01</leafValues></_>
        <_>
          <internalNodes>
            0 -1 158 104731645 -135169 -166913 -4362243 -1342246913
            -2244609 -1075007489 -1343287955</internalNodes>
          <leafValues>
            -3.5757091641426086e-01 4.6956110000610352e-01</leafValues></_>
        <_>
          <internalNodes>
            0 -1 194 -1367672579 205283573 -38305795 -1929445377
            -268435459 -16974146 -1610629380 -1997878018</internalNodes>
          <leafValues>
            -4.1408541798591614e-01 3.6317414045333862e-01</leafValues></_>
        <_>
          <internalNodes>
            0 -1 3 -282394896 -5708604 -338954251 -2989568 896253439
            -316428560 263386100 -43936</internalNodes>
          <leafValues>
            -4.5449081063270569e-01 3.3046218752861023e-01</leafValues></_>
        <_>
          <internalNodes>
            0 -1 132 -42076929 -1195591970 895956671 -1897942793
            1020833244 -1103176544 1038300332 1023089916</internalNodes>
          <leafValues>
            -6.3765418529510498e-01 2.0522998273372650e-01</leafValues></_>
        <_>
          <internalNodes>
            0 -1 218 -269488497 1907279214 -1158519262 -30771866
            2004817157 1700208487 -402660096 -136318089</internalNodes>
          <leafValues>
            -3.8040712475776672e-01 3.6712917685508728e-01</leafValues></_></weakClassifiers></_>
    <!-- stage 9.xml -->
    <_>
      <maxWeakCount>11</maxWeakCount>
      <stageThreshold>-1.4581191539764404e+00</stageThreshold>
      <weakClassifiers>
        <_>
          <internalNodes>
            0 -1 76 -1 -2122753 -679610401 -2049 -3408385 -67378984
            -1025 -2098438</internalNodes>
          <leafValues>
            -5.3334444761276245e-01 4.5550429821014404e-01</leafValues></_>
        <_>
          <internalNodes>
            0 -1 164 -140 -33966209 -2099204 -3073 -33292 -592053763
            -58116 -33554433</internalNodes>
          <leafValues>
            -4.3135261535644531e-01 4.0857106447219849e-01</leafValues></_>
        <_>
          <internalNodes>
            0 -1 4 -276627462 -6248464 -270337 -2865072 1332602879
            -295433 736623615 2145861973</internalNodes>
          <leafValues>
            -5.2482688426971436e-01 2.9922181367874146e-01</leafValues></_>
        <_>
          <internalNodes>
            0 -1 6 -671092737 -742657073 -537147144 -467464696
            -872443921 1853082071 -973143868 1078150215</internalNodes>
          <leafValues>
            -5.2521115541458130e-01 2.9307553172111511e-01</leafValues></_>
        <_>
          <internalNodes>
            0 -1 27 -827396370 -8663089 733894655 -9802490 1088881363
            -9211913 2142760699 -2654209</internalNodes>
          <leafValues>
            -3.8474550843238831e-01 3.8356676697731018e-01</leafValues></_>
        <_>
          <internalNodes>
            0 -1 161 -1619075587 -2351619 -1149501963 -537101475
            -1174601729 -273 -71762433 -1355141315</internalNodes>
          <leafValues>
            -3.9471992850303650e-01 3.6372500658035278e-01</leafValues></_>
        <_>
          <internalNodes>
            0 -1 117 -1109475652 536123382 -1260184097 1021287135
            -1236296737 1056643529 2139954687 956301054</internalNodes>
          <leafValues>
            -5.8006745576858521e-01 2.4259366095066071e-01</leafValues></_>
        <_>
          <internalNodes>
            0 -1 214 -177 -193987257 -291766322 -490275002 -537428156
            2113333110 -487468252 -521666621</internalNodes>
          <leafValues>
            -3.7638503313064575e-01 3.5134112834930420e-01</leafValues></_>
        <_>
          <internalNodes>
            0 -1 122 73412404 -1109120019 -1611268097 2136862516
            618114815 -462849 -1094123521 804129983</internalNodes>
          <leafValues>
            -5.3952765464782715e-01 2.4940858781337738e-01</leafValues></_>
        <_>
          <internalNodes>
            0 -1 41 -541327561 -2097797 -113573889 2146582000 -182026383
            -4542605 -543531083 -80513536</internalNodes>
          <leafValues>
            -4.2919984459877014e-01 3.0894923210144043e-01</leafValues></_>
        <_>
          <internalNodes>
            0 -1 196 -82640998 -100941449 -768024910 -625279222
            -188563316 -548414404 -75363440 268628482</internalNodes>
          <leafValues>
            -5.7028180360794067e-01 2.3745840787887573e-01</leafValues></_></weakClassifiers></_>
    <!-- stage 10 -->
    <_>
      <maxWeakCount>12</maxWeakCount>
      <stageThreshold>-1.5177209377288818e+00</stageThreshold>
      <weakClassifiers>
        <_>
          <internalNodes>
            0 -1 95 -3149842 -65538 -606210 -1140932866 -281150467
            -663553 -24580 -540673</internalNodes>
          <leafValues>
            -6.2445592880249023e-01 1.9177569448947906e-01</leafValues></_>
        <_>
          <internalNodes>
            0 -1 55 -3276801 -176162 -4392483 -65570 -9388033 -2437125
            -72036865 -114231813</internalNodes>
          <leafValues>
            -4.3943613767623901e-01 3.5161277651786804e-01</leafValues></_>
        <_>
          <internalNodes>
            0 -1 179 2103093 -134229061 -1611145221 -1073775617
            -134217745 -1078198337 -2228737 -1074057289</internalNodes>
          <leafValues>
            -3.6258777976036072e-01 3.9355900883674622e-01</leafValues></_>
        <_>
          <internalNodes>
            0 -1 8 -965283845 -536937228 -950535301 -545562592 7799510
            -4102 1691317714 1946117939</internalNodes>
          <leafValues>
            -4.7334918379783630e-01 2.8967958688735962e-01</leafValues></_>
        <_>
          <internalNodes>
            0 -1 33 -924390810 -492395794 -808653074 -1574244626
            -71172617 -1117726721 -13115393 -280006881</internalNodes>
          <leafValues>
            -4.9213373661041260e-01 2.8105571866035461e-01</leafValues></_>
        <_>
          <internalNodes>
            0 -1 26 -855648517 -111962635 1599886335 -248881 1370619829
            1976894455 889280503 2002208465</internalNodes>
          <leafValues>
            -4.2707303166389465e-01 3.2008311152458191e-01</leafValues></_>
        <_>
          <internalNodes>
            0 -1 185 -50333612 -105025065 -1657605249 -761793289
            -288453912 -29360644 -396166502 -1435500677</internalNodes>
          <leafValues>
            -3.5885414481163025e-01 3.7358614802360535e-01</leafValues></_>
        <_>
          <internalNodes>
            0 -1 200 -218124645 522690359 33238055 326105979 1425871983
            489367282 654252236 -570425345</internalNodes>
          <leafValues>
            -3.2793712615966797e-01 4.1179478168487549e-01</leafValues></_>
        <_>
          <internalNodes>
            0 -1 121 976813437 -53795 -1285816577 -4235539 -1141208131
            -72556545 -1073824291 716833245</internalNodes>
          <leafValues>
            -4.6315252780914307e-01 2.6920455694198608e-01</leafValues></_>
        <_>
          <internalNodes>
            0 -1 47 -87038037 -1219248122 1612097547 1089987210
            1108796334 539452466 6333371 1652021003</internalNodes>
          <leafValues>
            -4.0314933657646179e-01 3.0193170905113220e-01</leafValues></_>
        <_>
          <internalNodes>
            0 -1 139 -822215471 -1878599817 -1181353633 -1783277705
            -572531205 -1112671303 -51525637 150009269</internalNodes>
          <leafValues>
            -4.1390851140022278e-01 3.0436101555824280e-01</leafValues></_>
        <_>
          <internalNodes>
            0 -1 116 -134218121 -16780081 -1357502808 -389220166
            1744299799 1702943479 -1026562988 -455612589</internalNodes>
          <leafValues>
            -3.9417681097984314e-01 3.2069349288940430e-01</leafValues></_></weakClassifiers></_>
    <!-- stage 11 -->
    <_>
      <maxWeakCount>12</maxWeakCount>
      <stageThreshold>-1.7424975633621216e+00</stageThreshold>
      <weakClassifiers>
        <_>
          <internalNodes>
            0 -1 133 -4 -1026 -100679681 -25762 -4210690 -4465746 -50690
            -4215106</internalNodes>
          <leafValues>
            -6.4545559883117676e-01 9.2887558043003082e-02</leafValues></_>
        <_>
          <internalNodes>
            0 -1 18 -792396074 -40632321 -384962337 -33696273 -38404097
            -34079797 -747110497 -100664325</internalNodes>
          <leafValues>
            -5.0418967008590698e-01 2.7829498052597046e-01</leafValues></_>
        <_>
          <internalNodes>
            0 -1 186 -33 -146418699 -14221346 -198771090 -222626834
            -11010053 -364747602 1076030054</internalNodes>
          <leafValues>
            -5.0411373376846313e-01 2.5959604978561401e-01</leafValues></_>
        <_>
          <internalNodes>
            0 -1 31 1574957311 -33636386 1437797887 -42958642 1972982199
            -3150602 369037811 1399288675</internalNodes>
          <leafValues>
            -3.5400593280792236e-01 3.6138781905174255e-01</leafValues></_>
        <_>
          <internalNodes>
            0 -1 166 2365237 -238115 -1275904001 -1075889227 -1075137025
            -5374977 -1079230533 -1360122067</internalNodes>
          <leafValues>
            -3.7269967794418335e-01 3.3288902044296265e-01</leafValues></_>
        <_>
          <internalNodes>
            0 -1 118 2030415578 1599986684 -141954833 -1076002306
            1765746856 -17745188 -1677852706 -15871282</internalNodes>
          <leafValues>
            -3.8830453157424927e-01 3.0704590678215027e-01</leafValues></_>
        <_>
          <internalNodes>
            0 -1 62 -286268894 4635547 -496426336 49080450 625420115
            67399543 1115116544 1652029271</internalNodes>
          <leafValues>
            -6.3260746002197266e-01 1.9235225021839142e-01</leafValues></_>
        <_>
          <internalNodes>
            0 -1 92 -521214226 -923869697 -1157890051 -553718017
            -956839123 1728052975 -470290467 -486551825</internalNodes>
          <leafValues>
            -3.3214259147644043e-01 3.6453452706336975e-01</leafValues></_>
        <_>
          <internalNodes>
            0 -1 213 -1363262209 -1934172931 -1086592003 -1499533834
            -360722450 -1663372313 -34969348 -1464144706</internalNodes>
          <leafValues>
            -3.7576875090599060e-01 3.0411440134048462e-01</leafValues></_>
        <_>
          <internalNodes>
            0 -1 67 -1191663600 -1087050243 1054096885 -36375617
            -347194227 -4392003 -1210715652 -101844305</internalNodes>
          <leafValues>
            -3.6074730753898621e-01 3.3852899074554443e-01</leafValues></_>
        <_>
          <internalNodes>
            0 -1 191 -4342 -1122464329 -589631872 1073675822 -561119996
            -1901437889 -435222016 -1917850549</internalNodes>
          <leafValues>
            -3.9334556460380554e-01 3.0591827630996704e-01</leafValues></_>
        <_>
          <internalNodes>
            0 -1 99 -1150280396 -208067 1476105724 -139657219
            -1075045379 -373313 -1145169412 1068500272</internalNodes>
          <leafValues>
            -6.2018114328384399e-01 1.7592869699001312e-01</leafValues></_></weakClassifiers></_>
    <!-- stage 12 -->
    <_>
      <maxWeakCount>13</maxWeakCount>
      <stageThreshold>-1.6158607006072998e+00</stageThreshold>
      <weakClassifiers>
        <_>
          <internalNodes>
            0 -1 14 -823137025 -330753 -79702561 -1029 1079002367
            -51187969 -5242881 -8193</internalNodes>
          <leafValues>
            -5.7286965847015381e-01 2.0975822210311890e-01</leafValues></_>
        <_>
          <internalNodes>
            0 -1 138 -1025 -38772227 -1212154881 -537004045 -16777217
            -21243399 -38014978 -1743651591</internalNodes>
          <leafValues>
            -4.1948550939559937e-01 3.1791198253631592e-01</leafValues></_>
        <_>
          <internalNodes>
            0 -1 198 -67108881 -1494221978 -3215698 -1494551090
            -14681115 360149365 -135791147 -176687241</internalNodes>
          <leafValues>
            -4.0205982327461243e-01 2.9698687791824341e-01</leafValues></_>
        <_>
          <internalNodes>
            0 -1 110 -1213187596 -240195 -1252049409 -1076358692
            -1078448691 -1107744259 -542568803 136317968</internalNodes>
          <leafValues>
            -6.0430210828781128e-01 1.9558516144752502e-01</leafValues></_>
        <_>
          <internalNodes>
            0 -1 34 -562835457 -1171079589 -93131279 -1440561614
            -734531585 -116261741 -25700609 -197918725</internalNodes>
          <leafValues>
            -2.8274771571159363e-01 4.1772028803825378e-01</leafValues></_>
        <_>
          <internalNodes>
            0 -1 46 -16778754 -681757256 1938290640 -707312256 -67109121
            -345257027 -38516280 1081164864</internalNodes>
          <leafValues>
            -5.5833232402801514e-01 2.2443528473377228e-01</leafValues></_>
        <_>
          <internalNodes>
            0 -1 153 3657728 408715134 -1778417923 -50335745 -6362152
            -1640181331 -1118971704 -1466107140</internalNodes>
          <leafValues>
            -5.3750199079513550e-01 1.8606369197368622e-01</leafValues></_>
        <_>
          <internalNodes>
            0 -1 162 753667844 -1141555915 -706227203 -181899 -842089473
            -1074073633 -1224998913 800735019</internalNodes>
          <leafValues>
            -5.5828827619552612e-01 2.0150050520896912e-01</leafValues></_>
        <_>
          <internalNodes>
            0 -1 199 -6553821 1358975236 -260577278 989902338 1431807777
            187785763 -1328298073 -214442189</internalNodes>
          <leafValues>
            -3.4091886878013611e-01 3.2284748554229736e-01</leafValues></_>
        <_>
          <internalNodes>
            0 -1 183 -1594979107 -1279888401 -134809601 -1075044371
            -925049857 -16917153 -302130177 683198620</internalNodes>
          <leafValues>
            -4.4857016205787659e-01 2.5576037168502808e-01</leafValues></_>
        <_>
          <internalNodes>
            0 -1 66 -272629761 -1291531943 -729361922 -1576283656
            -1975162183 -131467122 -388036115 735261539</internalNodes>
          <leafValues>
            -5.0934308767318726e-01 1.9241273403167725e-01</leafValues></_>
        <_>
          <internalNodes>
            0 -1 39 -81567951 -5221069 -17072357 -1089334478 -1351545488
            -541163660 1869765936 -13410477</internalNodes>
          <leafValues>
            -3.2614430785179138e-01 3.5241407155990601e-01</leafValues></_>
        <_>
          <internalNodes>
            0 -1 83 -28579902 571403242 -1231442906 2105698 2063038359
            1145534799 1936701178 -185075977</internalNodes>
          <leafValues>
            -3.8519397377967834e-01 2.8624400496482849e-01</leafValues></_></weakClassifiers></_>
    <!-- stage 13 -->
    <_>
      <maxWeakCount>13</maxWeakCount>
      <stageThreshold>-1.5067331790924072e+00</stageThreshold>
      <weakClassifiers>
        <_>
          <internalNodes>
            0 -1 163 -137 1966602039 -2101249 -4194305 -7344129
            1970794487 -36700417 -1</internalNodes>
          <leafValues>
            -5.6617432832717896e-01 1.8638224899768829e-01</leafValues></_>
        <_>
          <internalNodes>
            0 -1 75 -539099137 -536870913 -229505 -2228225 -2490369
            -15147904 -65 -548537654</internalNodes>
          <leafValues>
            -3.2744726538658142e-01 4.3093946576118469e-01</leafValues></_>
        <_>
          <internalNodes>
            0 -1 69 -118030377 -642259114 -281544773 -174852747
            -493948929 -270570053 -893915154 1156039943</internalNodes>
          <leafValues>
            -3.6448305845260620e-01 3.2872325181961060e-01</leafValues></_>
        <_>
          <internalNodes>
            0 -1 170 -132123534 953676543 705003768 578797269 -88220418
            -1133645361 -1594195752 150978207</internalNodes>
          <leafValues>
            -4.2661067843437195e-01 2.7414575219154358e-01</leafValues></_>
        <_>
          <internalNodes>
            0 -1 172 -856500427 2145954301 -608501793 -213131
            -1074069507 -33691649 1073020413 -1439683056</internalNodes>
          <leafValues>
            -4.4462227821350098e-01 2.7144876122474670e-01</leafValues></_>
        <_>
          <internalNodes>
            0 -1 58 -139528226 2078134719 -571977219 2142927313
            -62903312 1586545103 -12305472 1281638976</internalNodes>
          <leafValues>
            -6.2316024303436279e-01 1.4794197678565979e-01</leafValues></_>
        <_>
          <internalNodes>
            0 -1 171 -536357120 -182135597 -948440099 -638064906
            -1395106495 -545467439 -908618496 -867305265</internalNodes>
          <leafValues>
            -4.0142166614532471e-01 2.5840047001838684e-01</leafValues></_>
        <_>
          <internalNodes>
            0 -1 145 -1777271347 -2273803 -246551043 -2785851
            -1211569155 -268524099 -1078018145 732564909</internalNodes>
          <leafValues>
            -4.4978567957878113e-01 2.3381832242012024e-01</leafValues></_>
        <_>
          <internalNodes>
            0 -1 184 -230961072 -607020833 -192897153 2005268614
            -234827604 -574911593 -1070143234 -231547906</internalNodes>
          <leafValues>
            -3.7320709228515625e-01 2.8934499621391296e-01</leafValues></_>
        <_>
          <internalNodes>
            0 -1 222 -1347545089 783031260 -205591041 -1879644952
            -1074267141 -18224395 -1937846787 -2001019668</internalNodes>
          <leafValues>
            -3.4470215439796448e-01 2.9923757910728455e-01</leafValues></_>
        <_>
          <internalNodes>
            0 -1 103 -336074014 716097201 -1363465686 -1597051314
            1936942947 1073962938 -276826368 -487064057</internalNodes>
          <leafValues>
            -4.2256668210029602e-01 2.3723553121089935e-01</leafValues></_>
        <_>
          <internalNodes>
            0 -1 21 -326400862 -275642202 1934689273 2097161544
            -997850405 -1019933982 2139442687 2076401247</internalNodes>
          <leafValues>
            -4.3379482626914978e-01 2.4506527185440063e-01</leafValues></_>
        <_>
          <internalNodes>
            0 -1 151 -1612993345 421209469 913417373 -1199066673
            -1950139937 -1175720503 246618260 -1931489793</internalNodes>
          <leafValues>
            -4.1191071271896362e-01 2.5297242403030396e-01</leafValues></_></weakClassifiers></_>
    <!-- stage 14 -->
    <_>
      <maxWeakCount>16</maxWeakCount>
      <stageThreshold>-1.8270850181579590e+00</stageThreshold>
      <weakClassifiers>
        <_>
          <internalNodes>
            0 -1 135 -740295686 -537408553 -574927369 -4197889
            -272893442 -69211206 -547360773 -4438</internalNodes>
          <leafValues>
            -5.7865560054779053e-01 1.7248417437076569e-01</leafValues></_>
        <_>
          <internalNodes>
            0 -1 149 -8388673 823631653 -69351425 939524063 -154412034
            -264316217 -320279361 868220735</internalNodes>
          <leafValues>
            -4.5898512005805969e-01 2.6698011159896851e-01</leafValues></_>
        <_>
          <internalNodes>
            0 -1 13 -92274721 -50334837 -504103548 -234902034 1143996079
            -1863397377 1694494992 -171969637</internalNodes>
          <leafValues>
            -3.3283585309982300e-01 3.4515067934989929e-01</leafValues></_>
        <_>
          <internalNodes>
            0 -1 22 -289214654 -1001938658 56614207 -44830416 1311831248
            -56751741 -83895825 -13893</internalNodes>
          <leafValues>
            -5.0778406858444214e-01 2.2846029698848724e-01</leafValues></_>
        <_>
          <internalNodes>
            0 -1 91 -1078809095 -1073995819 -1 -1107306671 -33986563
            -52957187 -1342468097 -1886452339</internalNodes>
          <leafValues>
            -2.9631543159484863e-01 3.6024859547615051e-01</leafValues></_>
        <_>
          <internalNodes>
            0 -1 195 -134217869 1463283459 1912600830 -454890554
            -78119051 1964112710 -127533598 -265817485</internalNodes>
          <leafValues>
            -3.3666124939918518e-01 3.0383443832397461e-01</leafValues></_>
        <_>
          <internalNodes>
            0 -1 201 215490044 -1080248363 -949227011 -1644256291
            -1107386371 -881141350 -1881210884 748178676</internalNodes>
          <leafValues>
            -6.0610240697860718e-01 1.6047710180282593e-01</leafValues></_>
        <_>
          <internalNodes>
            0 -1 49 -18364670 48490127 -189824510 -101976345 1687896867
            3364979 -222084608 -211557465</internalNodes>
          <leafValues>
            -4.0563410520553589e-01 2.3682783544063568e-01</leafValues></_>
        <_>
          <internalNodes>
            0 -1 210 -813 1426392067 687988753 28443649 -2127314744
            -1922891771 -853351527 1194840083</internalNodes>
          <leafValues>
            -3.1992402672767639e-01 3.2152932882308960e-01</leafValues></_>
        <_>
          <internalNodes>
            0 -1 216 -201330905 1372516386 -379854302 -241571294
            -491886016 1447378739 -272928764 -151522541</internalNodes>
          <leafValues>
            -3.3017429709434509e-01 3.1331279873847961e-01</leafValues></_>
        <_>
          <internalNodes>
            0 -1 167 -1200324619 -1619202755 -97135233 -1098364066
            -1678180354 -1441932 -1343177768 -1125094960</internalNodes>
          <leafValues>
            -3.5320663452148438e-01 2.8125020861625671e-01</leafValues></_>
        <_>
          <internalNodes>
            0 -1 81 -1702835851 -4441705 1478591645 -49928900 528815533
            -1074804571 -1691620355 136318016</internalNodes>
          <leafValues>
            -4.7860109806060791e-01 2.0578269660472870e-01</leafValues></_>
        <_>
          <internalNodes>
            0 -1 32 1615131378 -230689937 -679100133 2012729725
            -71902793 -1084019829 -1685192965 1541775588</internalNodes>
          <leafValues>
            -5.0088202953338623e-01 1.8767923116683960e-01</leafValues></_>
        <_>
          <internalNodes>
            0 -1 142 -176164875 -149425196 -1337555841 -985793730
            -137373857 -29478358 -1307132125 539096177</internalNodes>
          <leafValues>
            -4.4420665502548218e-01 2.1617314219474792e-01</leafValues></_>
        <_>
          <internalNodes>
            0 -1 38 -579883273 -226146 369001276 -15588268 -1068283120
            -21022474 -271090441 -559806</internalNodes>
          <leafValues>
            -3.2598993182182312e-01 3.0372506380081177e-01</leafValues></_>
        <_>
          <internalNodes>
            0 -1 104 -570949669 -201396557 1053798073 984395516
            -1782186800 -1945856556 1088769732 1893070775</internalNodes>
          <leafValues>
            -3.0790707468986511e-01 3.2839831709861755e-01</leafValues></_></weakClassifiers></_>
    <!-- stage 15 -->
    <_>
      <maxWeakCount>15</maxWeakCount>
      <stageThreshold>-1.4876167774200439e+00</stageThreshold>
      <weakClassifiers>
        <_>
          <internalNodes>
            0 -1 93 -421024250 -17367041 -6596610 -35841 -455094298
            -67775553 -2114577 -268456273</internalNodes>
          <leafValues>
            -6.1557066440582275e-01 5.4614532738924026e-02</leafValues></_>
        <_>
          <internalNodes>
            0 -1 181 203431221 -1107559457 -8193 -1242304065 -1073
            -787777 -2164741 -1342494113</internalNodes>
          <leafValues>
            -3.8835757970809937e-01 3.0187290906906128e-01</leafValues></_>
        <_>
          <internalNodes>
            0 -1 154 -134742025 -713771521 -33587841 -237895689
            -553648161 -1996882005 -5246977 -2137918529</internalNodes>
          <leafValues>
            -2.9263255000114441e-01 4.0083712339401245e-01</leafValues></_>
        <_>
          <internalNodes>
            0 -1 211 -536616912 807407632 2109652983 1370766677
            -19935297 -1423187817 -314315590 -606347581</internalNodes>
          <leafValues>
            -3.7306717038154602e-01 3.0241453647613525e-01</leafValues></_>
        <_>
          <internalNodes>
            0 -1 177 -4204547 488951128 -619454296 -33652722 1035164029
            137960721 -1425336256 1564464471</internalNodes>
          <leafValues>
            -3.5576266050338745e-01 3.0191931128501892e-01</leafValues></_>
        <_>
          <internalNodes>
            0 -1 221 -178270471 -771898289 -451680873 -115160312
            1210960796 -103366015 882430124 -1073692608</internalNodes>
          <leafValues>
            -4.1190338134765625e-01 2.5774687528610229e-01</leafValues></_>
        <_>
          <internalNodes>
            0 -1 56 -522132096 1976877484 -505751791 -1180577424
            -393283123 -1383538959 -1869166088 -1066084912</internalNodes>
          <leafValues>
            -5.4352486133575439e-01 1.9023972749710083e-01</leafValues></_>
        <_>
          <internalNodes>
            0 -1 72 -153624318 674087911 -997834016 547512322 1955689991
            9468709 1741641218 1390933923</internalNodes>
          <leafValues>
            -5.6399589776992798e-01 1.6624528169631958e-01</leafValues></_>
        <_>
          <internalNodes>
            0 -1 42 -642001413 1605889271 -261 -262147 -462072141
            -59416779 1978957823 -9339277</internalNodes>
          <leafValues>
            -2.6931598782539368e-01 3.9417496323585510e-01</leafValues></_>
        <_>
          <internalNodes>
            0 -1 19 -862273438 -826074480 679865559 -1349283705 15548603
            1208553545 8636603 -1100086034</internalNodes>
          <leafValues>
            -3.9224106073379517e-01 2.7898484468460083e-01</leafValues></_>
        <_>
          <internalNodes>
            0 -1 106 -1880489989 -543796943 263280475 -641672776
            251182073 -554621407 243805181 233571725</internalNodes>
          <leafValues>
            -3.5591930150985718e-01 2.9120418429374695e-01</leafValues></_>
        <_>
          <internalNodes>
            0 -1 155 997593341 2044640701 -711550977 -3687940 -4935955
            -822152290 -335609857 -1146475107</internalNodes>
          <leafValues>
            -3.7998878955841064e-01 2.7454641461372375e-01</leafValues></_>
        <_>
          <internalNodes>
            0 -1 96 654835973 -138476535 -1090732741 998076223
            -1396929051 -20972051 -2143371521 -1398076049</internalNodes>
          <leafValues>
            -2.8324303030967712e-01 3.5494425892829895e-01</leafValues></_>
        <_>
          <internalNodes>
            0 -1 206 -684196793 -186418425 1121186400 1657206894
            -276110297 1161294161 -17368794 1886911830</internalNodes>
          <leafValues>
            -4.3622478842735291e-01 2.2720465064048767e-01</leafValues></_>
        <_>
          <internalNodes>
            0 -1 159 -1922761227 -1110424615 -1286064676 -1154727968
            -274187267 -17763683 -85873412 148379856</internalNodes>
          <leafValues>
            -4.8031592369079590e-01 2.2040016949176788e-01</leafValues></_></weakClassifiers></_>
    <!-- stage 16 -->
    <_>
      <maxWeakCount>17</maxWeakCount>
      <stageThreshold>-1.5909174680709839e+00</stageThreshold>
      <weakClassifiers>
        <_>
          <internalNodes>
            0 -1 88 -539101185 -6298222 -250575529 -69209233 -72353025
            -70604672 -73663490 -3151174</internalNodes>
          <leafValues>
            -5.4977697134017944e-01 1.7768317461013794e-01</leafValues></_>
        <_>
          <internalNodes>
            0 -1 94 -160434386 437006 -69526785 -38542337 -304090945
            686467210 -624056065 -1343242321</internalNodes>
          <leafValues>
            -4.5383524894714355e-01 2.3496605455875397e-01</leafValues></_>
        <_>
          <internalNodes>
            0 -1 63 -536874753 -537661059 1568608505 -28493 -595594763
            -615444235 1106596305 -617385753</internalNodes>
          <leafValues>
            -2.5193426012992859e-01 4.1828784346580505e-01</leafValues></_>
        <_>
          <internalNodes>
            0 -1 77 -354422865 -1463880193 -491601732 -2142072194
            -880830129 1142406143 -218927840 1626603499</internalNodes>
          <leafValues>
            -4.0565168857574463e-01 2.5714433193206787e-01</leafValues></_>
        <_>
          <internalNodes>
            0 -1 1 -268702721 1500709209 -2120644197 622002375
            -1038963766 -1359273517 -1912345617 170004139</internalNodes>
          <leafValues>
            -5.1765418052673340e-01 2.3267844319343567e-01</leafValues></_>
        <_>
          <internalNodes>
            0 -1 165 142874365 -68276473 -1086340097 -34347 -41164291
            -335822166 -1544553473 801056383</internalNodes>
          <leafValues>
            -3.9276564121246338e-01 2.6106643676757812e-01</leafValues></_>
        <_>
          <internalNodes>
            0 -1 192 -4719326 -1159795570 372756562 -1313081047
            860987176 -1108544871 1556572424 -2008027889</internalNodes>
          <leafValues>
            -3.7136837840080261e-01 2.5466144084930420e-01</leafValues></_>
        <_>
          <internalNodes>
            0 -1 3 -274573646 -543104446 1806661621 -135069488
            -439681125 -76303181 -285240376 -4501037</internalNodes>
          <leafValues>
            -3.0145585536956787e-01 3.1896156072616577e-01</leafValues></_>
        <_>
          <internalNodes>
            0 -1 217 -1968526661 906702466 956304799 520162549 165291166
            975044775 143097755 2147469791</internalNodes>
          <leafValues>
            -3.8217544555664062e-01 2.6107019186019897e-01</leafValues></_>
        <_>
          <internalNodes>
            0 -1 54 -296562962 -1671763750 1141393894 -2122175892
            -259791180 -1075797220 -22590736 -815304957</internalNodes>
          <leafValues>
            -4.4698071479797363e-01 2.0111304521560669e-01</leafValues></_>
        <_>
          <internalNodes>
            0 -1 173 -1000410657 -1932205601 -654249513 -1361249635
            -729301570 -2001057305 -875560993 -2002060098</internalNodes>
          <leafValues>
            -3.3004504442214966e-01 2.9706785082817078e-01</leafValues></_>
        <_>
          <internalNodes>
            0 -1 109 1446442022 355531710 1968624606 -1113312518
            -533695556 1357978601 -207529592 -1611330116</internalNodes>
          <leafValues>
            -4.2369449138641357e-01 2.3301650583744049e-01</leafValues></_>
        <_>
          <internalNodes>
            0 -1 204 -68159525 -576500725 -1093664606 33718304 321678927
            -1023293415 -1759820598 1157886498</internalNodes>
          <leafValues>
            -4.2773643136024475e-01 2.2968004643917084e-01</leafValues></_>
        <_>
          <internalNodes>
            0 -1 125 -221250817 -2045250238 -918052708 -869622062
            1170301885 90542693 -1339604732 1147494992</internalNodes>
          <leafValues>
            -4.7962346673011780e-01 1.8580277264118195e-01</leafValues></_>
        <_>
          <internalNodes>
            0 -1 28 -959716609 -68161601 -1883295749 -1007386737
            254135979 -37785738 1073160173 -15640710</internalNodes>
          <leafValues>
            -2.7772367000579834e-01 3.4864497184753418e-01</leafValues></_>
        <_>
          <internalNodes>
            0 -1 174 -858520548 -1110052589 1377047964 -1123241198
            -1258276840 -28291399 1773685370 -399974821</internalNodes>
          <leafValues>
            -3.9996623992919922e-01 2.4786031246185303e-01</leafValues></_>
        <_>
          <internalNodes>
            0 -1 220 -1002970010 1139991038 2023268362 540603854
            1100436299 1355235906 -780156878 -403177609</internalNodes>
          <leafValues>
            -3.9416384696960449e-01 2.3366646468639374e-01</leafValues></_></weakClassifiers></_>
    <!-- stage 17 -->
    <_>
      <maxWeakCount>19</maxWeakCount>
      <stageThreshold>-1.6670448780059814e+00</stageThreshold>
      <weakClassifiers>
        <_>
          <internalNodes>
            0 -1 175 -33604100 -573771329 -1092939521 -2376997 -3596803
            -1073892165 -1632760580 -4247617</internalNodes>
          <leafValues>
            -5.9187793731689453e-01 4.5349985361099243e-02</leafValues></_>
        <_>
          <internalNodes>
            0 -1 128 -457244673 -7811625 -1309208105 -81031 -325256707
            -87077 -388431879 -860304323</internalNodes>
          <leafValues>
            -4.1420859098434448e-01 2.4455186724662781e-01</leafValues></_>
        <_>
          <internalNodes>
            0 -1 23 -35392830 -16472814 2069242144 -45452606 -345697024
            -95217870 1899394419 -8953501</internalNodes>
          <leafValues>
            -4.2578968405723572e-01 2.3203031718730927e-01</leafValues></_>
        <_>
          <internalNodes>
            0 -1 190 -872094720 -552069116 2089868031 -573261433
            -1557927266 -1131701366 134851195 1332735691</internalNodes>
          <leafValues>
            -5.4122900962829590e-01 2.1462590992450714e-01</leafValues></_>
        <_>
          <internalNodes>
            0 -1 68 -196283427 -571715457 285071667 830854035
            -1204166740 -1141247765 -237686305 84786959</internalNodes>
          <leafValues>
            -4.2764359712600708e-01 2.4750201404094696e-01</leafValues></_>
        <_>
          <internalNodes>
            0 -1 80 -2401059 -41056315 743775313 720511522 -620755495
            -124810436 -837875235 -1981872118</internalNodes>
          <leafValues>
            -3.3771461248397827e-01 2.9235905408859253e-01</leafValues></_>
        <_>
          <internalNodes>
            0 -1 52 -890321306 -49355899 -433297520 -1567741048
            1781624039 446898192 -464307201 2146906647</internalNodes>
          <leafValues>
            -4.4952031970024109e-01 2.0559842884540558e-01</leafValues></_>
        <_>
          <internalNodes>
            0 -1 202 -562935724 1968361541 2013675637 477250298
            1754253312 -120555141 -455583544 -94183338</internalNodes>
          <leafValues>
            -4.1738593578338623e-01 2.1909713745117188e-01</leafValues></_>
        <_>
          <internalNodes>
            0 -1 169 -117445486 -119997700 -2100907364 821939381
            -410780423 -56835941 1146753192 217037551</internalNodes>
          <leafValues>
            -3.8549479842185974e-01 2.3149508237838745e-01</leafValues></_>
        <_>
          <internalNodes>
            0 -1 86 1376253386 -780806507 402921472 858037290 -753009729
            -16052087 -988813351 869888233</internalNodes>
          <leafValues>
            -3.3389028906822205e-01 2.7337139844894409e-01</leafValues></_>
        <_>
          <internalNodes>
            0 -1 115 -889859350 2051309590 -762867594 -537666657
            -150220045 -18019928 2116266399 203794435</internalNodes>
          <leafValues>
            -3.1708186864852905e-01 2.7700790762901306e-01</leafValues></_>
        <_>
          <internalNodes>
            0 -1 134 582932658 -1199792210 -577217611 -1076339270
            -1210725956 1439997620 -1282822018 -1174900738</internalNodes>
          <leafValues>
            -3.7245422601699829e-01 2.2239436209201813e-01</leafValues></_>
        <_>
          <internalNodes>
            0 -1 73 -353400310 6733486 -660183550 545692230 355952405
            1651241489 -141602524 1681129303</internalNodes>
          <leafValues>
            -6.9343942403793335e-01 1.0560596734285355e-01</leafValues></_>
        <_>
          <internalNodes>
            0 -1 64 -57395209 -168304841 -1861029412 -36317242
            -1069263631 -84479821 -758158338 -113158799</internalNodes>
          <leafValues>
            -3.1827178597450256e-01 2.7642071247100830e-01</leafValues></_>
        <_>
          <internalNodes>
            0 -1 208 -69733469 250191914 -1627319806 214876900
            -1170793467 9832823 -619482064 1957143095</internalNodes>
          <leafValues>
            -4.2545863986015320e-01 2.1299803256988525e-01</leafValues></_>
        <_>
          <internalNodes>
            0 -1 130 -142116 1980018690 -2096834606 339940376
            -1342172982 -75316735 -645893190 901784830</internalNodes>
          <leafValues>
            -5.9715431928634644e-01 1.0951839387416840e-01</leafValues></_>
        <_>
          <internalNodes>
            0 -1 90 235943028 -1244349124 -1667575044 2147397814
            66797484 -23744355 -1694998595 757074960</internalNodes>
          <leafValues>
            -6.5302681922912598e-01 1.3062317669391632e-01</leafValues></_>
        <_>
          <internalNodes>
            0 -1 212 -485490832 -1800355368 -1051209548 -2063773420
            -851844480 -2059632458 -459861964 -2143826425</internalNodes>
          <leafValues>
            -3.8293799757957458e-01 2.0807476341724396e-01</leafValues></_>
        <_>
          <internalNodes>
            0 -1 12 -8392289 53189663 -525799361 2072838200 -2007089505
            -1901648339 541786248 1345055274</internalNodes>
          <leafValues>
            -2.9441803693771362e-01 3.0101218819618225e-01</leafValues></_></weakClassifiers></_>
    <!-- stage 18 -->
    <_>
      <maxWeakCount>18</maxWeakCount>
      <stageThreshold>-1.5862234830856323e+00</stageThreshold>
      <weakClassifiers>
        <_>
          <internalNodes>
            0 -1 120 2143542015 1997128346 290685151 -748167049
            -648295937 -4535653 -88608001 -16012566</internalNodes>
          <leafValues>
            -5.3157800436019897e-01 1.8704688549041748e-01</leafValues></_>
        <_>
          <internalNodes>
            0 -1 15 -992018945 -15024111 -744762979 -149237221 12879168
            -181385029 1800007615 -541623585</internalNodes>
          <leafValues>
            -3.7372338771820068e-01 3.0672171711921692e-01</leafValues></_>
        <_>
          <internalNodes>
            0 -1 78 -749237761 279973711 2141988605 33598506 365512141
            1007687059 -910441236 -1970275585</internalNodes>
          <leafValues>
            -2.9509863257408142e-01 3.6123496294021606e-01</leafValues></_>
        <_>
          <internalNodes>
            0 -1 102 1487672788 1003619101 -1820060996 -1154335438
            -1696855560 -76272392 -1615241224 800589960</internalNodes>
          <leafValues>
            -4.9294096231460571e-01 1.9509780406951904e-01</leafValues></_>
        <_>
          <internalNodes>
            0 -1 185 -86257447 1971026228 -1158157441 905555058
            -1197524804 -553651217 -51709714 -93323601</internalNodes>
          <leafValues>
            -2.2949795424938202e-01 4.0716519951820374e-01</leafValues></_>
        <_>
          <internalNodes>
            0 -1 40 -578585325 -644868368 -1854547657 -141422176
            479875376 -367812192 -627429839 2130855168</internalNodes>
          <leafValues>
            -4.8526409268379211e-01 1.8311178684234619e-01</leafValues></_>
        <_>
          <internalNodes>
            0 -1 35 -443096510 36176578 -469614486 581085254 1213978703
            1260537881 1378834893 1229669131</internalNodes>
          <leafValues>
            -5.6002384424209595e-01 1.7529971897602081e-01</leafValues></_>
        <_>
          <internalNodes>
            0 -1 51 -863112233 2140212672 -599711527 -8449901 1372059089
            1998660737 88080855 2102485089</internalNodes>
          <leafValues>
            -4.0346086025238037e-01 2.2372123599052429e-01</leafValues></_>
        <_>
          <internalNodes>
            0 -1 178 -1081115600 10127428 -620623304 -1143415470
            -1961920259 -593788739 442448372 -33576289</internalNodes>
          <leafValues>
            -3.5829880833625793e-01 2.7420243620872498e-01</leafValues></_>
        <_>
          <internalNodes>
            0 -1 65 -257885024 -1753106124 -2122081505 -711683099
            -1979122245 -368993904 -972707415 -991705951</internalNodes>
          <leafValues>
            -3.6393043398857117e-01 2.6812246441841125e-01</leafValues></_>
        <_>
          <internalNodes>
            0 -1 112 -269496858 1184546887 -108707736 -2067083576
            2015594764 1413668873 -1194853376 -461117629</internalNodes>
          <leafValues>
            -3.6439469456672668e-01 2.4522586166858673e-01</leafValues></_>
        <_>
          <internalNodes>
            0 -1 219 -829751157 387648474 1310859 84707457 380313783
            939655236 1510687950 1468745067</internalNodes>
          <leafValues>
            -3.8982608914375305e-01 2.4753549695014954e-01</leafValues></_>
        <_>
          <internalNodes>
            0 -1 160 1660411255 -139418886 2071258495 -1646713337
            -570819169 -38076679 -169677825 -354162253</internalNodes>
          <leafValues>
            -1.9081844389438629e-01 5.3629857301712036e-01</leafValues></_>
        <_>
          <internalNodes>
            0 -1 188 -816713944 990556705 235143338 -1107120128
            -891498491 598017 -1978488829 270788371</internalNodes>
          <leafValues>
            -4.6487107872962952e-01 2.1015170216560364e-01</leafValues></_>
        <_>
          <internalNodes>
            0 -1 147 2007758718 -598597109 -1458473219 403705948
            -762395759 -1400372600 -62344558 -2010644456</internalNodes>
          <leafValues>
            -3.0853828787803650e-01 2.9788798093795776e-01</leafValues></_>
        <_>
          <internalNodes>
            0 -1 127 -318976303 1033672020 -410998348 -1333775488
            -1696018692 -1365767607 1523841116 -1397471680</internalNodes>
          <leafValues>
            -3.6791846156120300e-01 2.4354217946529388e-01</leafValues></_>
        <_>
          <internalNodes>
            0 -1 111 -1010821547 -90166100 -1074241665 -671121945
            -2027759865 -1644169796 737615615 -1949747021</internalNodes>
          <leafValues>
            -2.3244933784008026e-01 3.9011666178703308e-01</leafValues></_>
        <_>
          <internalNodes>
            0 -1 126 -491025526 1234796802 -1853716564 -1460895574
            -205628863 1628471799 -1350052864 -256453086</internalNodes>
          <leafValues>
            -3.6662065982818604e-01 2.5122439861297607e-01</leafValues></_></weakClassifiers></_>
    <!-- stage 19 -->
    <_>
      <maxWeakCount>17</maxWeakCount>
      <stageThreshold>-1.4746848344802856e+00</stageThreshold>
      <weakClassifiers>
        <_>
          <internalNodes>
            0 -1 89 -740558977 -7081830 1362170201 -77917559 -1743795026
            -33989739 -456608593 -130424577</internalNodes>
          <leafValues>
            -5.1079136133193970e-01 2.9001203179359436e-01</leafValues></_>
        <_>
          <internalNodes>
            0 -1 79 -628107634 -16887533 1396838672 -1101883110
            -1044520996 1889566747 -1147155010 -186393813</internalNodes>
          <leafValues>
            -3.9749476313591003e-01 2.8754290938377380e-01</leafValues></_>
        <_>
          <internalNodes>
            0 -1 168 -666895911 -13873345 -554401795 -575987809
            -322200420 -302015170 -399861009 -1441793281</internalNodes>
          <leafValues>
            -2.5746074318885803e-01 4.3585070967674255e-01</leafValues></_>
        <_>
          <internalNodes>
            0 -1 193 -1258881295 -246378002 17465685 971505980
            -394221361 -525801336 -1970525255 -1397953044</internalNodes>
          <leafValues>
            -4.1597154736518860e-01 2.7530533075332642e-01</leafValues></_>
        <_>
          <internalNodes>
            0 -1 98 -212212618 -605574879 821745116 1362222983
            -408613713 214241156 1484098827 1259155727</internalNodes>
          <leafValues>
            -2.7987903356552124e-01 4.0859520435333252e-01</leafValues></_>
        <_>
          <internalNodes>
            0 -1 10 -698158757 2141266096 -1827663599 -1290597114
            17312224 -2063597262 630732447 1532297751</internalNodes>
          <leafValues>
            -4.6831926703453064e-01 2.2987678647041321e-01</leafValues></_>
        <_>
          <internalNodes>
            0 -1 209 2139300671 922782503 -787480568 520271262
            -1870062847 154420464 471556 -12092649</internalNodes>
          <leafValues>
            -3.1979274749755859e-01 3.4502837061882019e-01</leafValues></_>
        <_>
          <internalNodes>
            0 -1 215 -581436229 -552008679 -1996259241 1398604867
            -1731140950 -1475981182 -784088373 4685858</internalNodes>
          <leafValues>
            -3.4705322980880737e-01 3.1433692574501038e-01</leafValues></_>
        <_>
          <internalNodes>
            0 -1 113 1357021882 -43500566 1395553236 1500707498
            -1896022849 -2736129 -605479 -547646577</internalNodes>
          <leafValues>
            -2.8026297688484192e-01 3.8985386490821838e-01</leafValues></_>
        <_>
          <internalNodes>
            0 -1 146 -1772563979 -754480809 287838647 -1759297279
            271654585 -108543871 -2092940708 -1431830156</internalNodes>
          <leafValues>
            -3.9071974158287048e-01 2.7962276339530945e-01</leafValues></_>
        <_>
          <internalNodes>
            0 -1 70 -930679316 -607059550 92422274 1930054112
            -2078946358 -1559656287 -876132208 -2064652848</internalNodes>
          <leafValues>
            -4.0130090713500977e-01 2.6722317934036255e-01</leafValues></_>
        <_>
          <internalNodes>
            0 -1 48 -506991070 462184710 1413566492 1373749506 285344259
            34736144 40567458 1090777099</internalNodes>
          <leafValues>
            -4.0691095590591431e-01 2.9166093468666077e-01</leafValues></_>
        <_>
          <internalNodes>
            0 -1 101 -136354234 1995898861 -273928594 -29704394
            -1548619999 -1300643841 -289281107 -70415765</internalNodes>
          <leafValues>
            -2.9949328303337097e-01 3.8751927018165588e-01</leafValues></_>
        <_>
          <internalNodes>
            0 -1 53 -632108318 -1844969406 20743 -434091992 -1004436542
            -251526208 -1064062516 -492615417</internalNodes>
          <leafValues>
            -4.2077249288558960e-01 2.5721547007560730e-01</leafValues></_>
        <_>
          <internalNodes>
            0 -1 105 -441981137 -655183949 -1142752 -1705857261
            -84417720 1494281298 1973700422 -1594361369</internalNodes>
          <leafValues>
            -2.9478356242179871e-01 3.6336508393287659e-01</leafValues></_>
        <_>
          <internalNodes>
            0 -1 85 1104798080 -570372080 1073961624 1603371026
            -1710136144 -939515903 151672012 -295599772</internalNodes>
          <leafValues>
            -3.1648874282836914e-01 3.3956986665725708e-01</leafValues></_>
        <_>
          <internalNodes>
            0 -1 189 1946923295 806404616 -1962879669 -1991091967
            832226253 1001228512 672074036 1016984443</internalNodes>
          <leafValues>
            -3.9509034156799316e-01 2.9259872436523438e-01</leafValues></_></weakClassifiers></_></stages>
  <features>
    <_>
      <rect>
        0 0 3 5</rect></_>
    <_>
      <rect>
        0 0 3 8</rect></_>
    <_>
      <rect>
        0 0 10 10</rect></_>
    <_>
      <rect>
        0 1 3 1</rect></_>
    <_>
      <rect>
        0 1 5 1</rect></_>
    <_>
      <rect>
        0 1 6 1</rect></_>
    <_>
      <rect>
        0 2 3 3</rect></_>
    <_>
      <rect>
        0 2 3 9</rect></_>
    <_>
      <rect>
        0 2 4 1</rect></_>
    <_>
      <rect>
        0 2 6 1</rect></_>
    <_>
      <rect>
        0 2 7 1</rect></_>
    <_>
      <rect>
        0 3 2 1</rect></_>
    <_>
      <rect>
        0 3 2 4</rect></_>
    <_>
      <rect>
        0 3 3 1</rect></_>
    <_>
      <rect>
        0 3 6 1</rect></_>
    <_>
      <rect>
        0 3 7 1</rect></_>
    <_>
      <rect>
        0 5 6 1</rect></_>
    <_>
      <rect>
        0 11 10 4</rect></_>
    <_>
      <rect>
        0 12 10 6</rect></_>
    <_>
      <rect>
        0 15 2 4</rect></_>
    <_>
      <rect>
        0 15 9 5</rect></_>
    <_>
      <rect>
        0 17 3 2</rect></_>
    <_>
      <rect>
        0 17 3 4</rect></_>
    <_>
      <rect>
        0 17 4 1</rect></_>
    <_>
      <rect>
        0 17 5 2</rect></_>
    <_>
      <rect>
        0 17 5 4</rect></_>
    <_>
      <rect>
        0 17 9 1</rect></_>
    <_>
      <rect>
        0 18 3 2</rect></_>
    <_>
      <rect>
        0 18 4 2</rect></_>
    <_>
      <rect>
        0 18 4 3</rect></_>
    <_>
      <rect>
        0 18 4 4</rect></_>
    <_>
      <rect>
        0 18 5 1</rect></_>
    <_>
      <rect>
        0 18 9 3</rect></_>
    <_>
      <rect>
        0 21 4 1</rect></_>
    <_>
      <rect>
        0 22 2 2</rect></_>
    <_>
      <rect>
        0 22 3 1</rect></_>
    <_>
      <rect>
        0 22 3 2</rect></_>
    <_>
      <rect>
        0 23 3 1</rect></_>
    <_>
      <rect>
        0 26 3 1</rect></_>
    <_>
      <rect>
        0 27 2 1</rect></_>
    <_>
      <rect>
        0 27 3 1</rect></_>
    <_>
      <rect>
        0 27 4 1</rect></_>
    <_>
      <rect>
        0 27 6 1</rect></_>
    <_>
      <rect>
        0 27 7 1</rect></_>
    <_>
      <rect>
        1 0 2 2</rect></_>
    <_>
      <rect>
        1 0 2 8</rect></_>
    <_>
      <rect>
        1 1 2 3</rect></_>
    <_>
      <rect>
        1 4 2 4</rect></_>
    <_>
      <rect>
        1 6 1 4</rect></_>
    <_>
      <rect>
        1 12 1 2</rect></_>
    <_>
      <rect>
        1 17 6 2</rect></_>
    <_>
      <rect>
        1 17 7 1</rect></_>
    <_>
      <rect>
        1 19 2 1</rect></_>
    <_>
      <rect>
        1 23 2 1</rect></_>
    <_>
      <rect>
        1 24 3 1</rect></_>
    <_>
      <rect>
        1 24 6 2</rect></_>
    <_>
      <rect>
        2 0 1 2</rect></_>
    <_>
      <rect>
        2 1 2 2</rect></_>
    <_>
      <rect>
        2 2 4 2</rect></_>
    <_>
      <rect>
        2 4 5 1</rect></_>
    <_>
      <rect>
        2 10 1 2</rect></_>
    <_>
      <rect>
        2 11 1 2</rect></_>
    <_>
      <rect>
        2 12 1 2</rect></_>
    <_>
      <rect>
        2 17 5 1</rect></_>
    <_>
      <rect>
        2 27 5 1</rect></_>
    <_>
      <rect>
        3 0 2 2</rect></_>
    <_>
      <rect>
        3 0 7 10</rect></_>
    <_>
      <rect>
        3 0 9 1</rect></_>
    <_>
      <rect>
        3 0 9 2</rect></_>
    <_>
      <rect>
        3 1 2 2</rect></_>
    <_>
      <rect>
        3 2 1 1</rect></_>
    <_>
      <rect>
        3 9 1 2</rect></_>
    <_>
      <rect>
        3 10 1 2</rect></_>
    <_>
      <rect>
        3 11 1 1</rect></_>
    <_>
      <rect>
        3 12 1 1</rect></_>
    <_>
      <rect>
        3 23 8 2</rect></_>
    <_>
      <rect>
        3 24 8 2</rect></_>
    <_>
      <rect>
        4 4 1 1</rect></_>
    <_>
      <rect>
        4 4 1 2</rect></_>
    <_>
      <rect>
        4 4 2 1</rect></_>
    <_>
      <rect>
        4 4 3 2</rect></_>
    <_>
      <rect>
        4 5 6 1</rect></_>
    <_>
      <rect>
        4 10 1 1</rect></_>
    <_>
      <rect>
        4 10 1 2</rect></_>
    <_>
      <rect>
        4 11 1 1</rect></_>
    <_>
      <rect>
        4 17 3 1</rect></_>
    <_>
      <rect>
        4 20 8 1</rect></_>
    <_>
      <rect>
        4 21 7 3</rect></_>
    <_>
      <rect>
        4 24 8 2</rect></_>
    <_>
      <rect>
        4 25 4 1</rect></_>
    <_>
      <rect>
        4 27 1 1</rect></_>
    <_>
      <rect>
        5 1 2 1</rect></_>
    <_>
      <rect>
        5 3 1 1</rect></_>
    <_>
      <rect>
        5 3 2 1</rect></_>
    <_>
      <rect>
        5 3 8 1</rect></_>
    <_>
      <rect>
        5 4 2 1</rect></_>
    <_>
      <rect>
        5 6 4 1</rect></_>
    <_>
      <rect>
        5 15 7 5</rect></_>
    <_>
      <rect>
        5 25 7 1</rect></_>
    <_>
      <rect>
        5 27 1 1</rect></_>
    <_>
      <rect>
        6 1 2 1</rect></_>
    <_>
      <rect>
        6 3 2 1</rect></_>
    <_>
      <rect>
        6 5 2 1</rect></_>
    <_>
      <rect>
        6 10 1 1</rect></_>
    <_>
      <rect>
        6 10 7 3</rect></_>
    <_>
      <rect>
        6 13 1 1</rect></_>
    <_>
      <rect>
        6 18 4 1</rect></_>
    <_>
      <rect>
        6 24 6 2</rect></_>
    <_>
      <rect>
        7 2 6 2</rect></_>
    <_>
      <rect>
        7 4 2 1</rect></_>
    <_>
      <rect>
        7 5 5 1</rect></_>
    <_>
      <rect>
        7 6 6 1</rect></_>
    <_>
      <rect>
        7 12 1 1</rect></_>
    <_>
      <rect>
        7 19 6 1</rect></_>
    <_>
      <rect>
        7 21 5 3</rect></_>
    <_>
      <rect>
        7 26 6 1</rect></_>
    <_>
      <rect>
        8 11 4 1</rect></_>
    <_>
      <rect>
        8 14 7 3</rect></_>
    <_>
      <rect>
        8 23 5 2</rect></_>
    <_>
      <rect>
        8 24 5 2</rect></_>
    <_>
      <rect>
        8 24 6 2</rect></_>
    <_>
      <rect>
        9 1 2 1</rect></_>
    <_>
      <rect>
        9 2 3 1</rect></_>
    <_>
      <rect>
        9 2 7 1</rect></_>
    <_>
      <rect>
        9 4 4 1</rect></_>
    <_>
      <rect>
        9 10 5 2</rect></_>
    <_>
      <rect>
        9 11 1 1</rect></_>
    <_>
      <rect>
        9 21 1 1</rect></_>
    <_>
      <rect>
        9 26 2 1</rect></_>
    <_>
      <rect>
        10 1 3 1</rect></_>
    <_>
      <rect>
        10 1 3 9</rect></_>
    <_>
      <rect>
        10 1 4 1</rect></_>
    <_>
      <rect>
        10 1 6 9</rect></_>
    <_>
      <rect>
        10 2 5 2</rect></_>
    <_>
      <rect>
        10 4 2 1</rect></_>
    <_>
      <rect>
        10 24 4 2</rect></_>
    <_>
      <rect>
        11 0 3 1</rect></_>
    <_>
      <rect>
        11 2 6 1</rect></_>
    <_>
      <rect>
        11 24 6 2</rect></_>
    <_>
      <rect>
        11 27 6 1</rect></_>
    <_>
      <rect>
        12 1 4 1</rect></_>
    <_>
      <rect>
        12 1 6 1</rect></_>
    <_>
      <rect>
        12 1 6 2</rect></_>
    <_>
      <rect>
        12 2 6 1</rect></_>
    <_>
      <rect>
        12 3 6 1</rect></_>
    <_>
      <rect>
        13 1 2 1</rect></_>
    <_>
      <rect>
        13 5 3 1</rect></_>
    <_>
      <rect>
        14 17 4 1</rect></_>
    <_>
      <rect>
        14 24 4 2</rect></_>
    <_>
      <rect>
        15 2 5 1</rect></_>
    <_>
      <rect>
        15 3 5 1</rect></_>
    <_>
      <rect>
        15 10 5 4</rect></_>
    <_>
      <rect>
        15 15 5 5</rect></_>
    <_>
      <rect>
        15 18 5 2</rect></_>
    <_>
      <rect>
        15 26 5 1</rect></_>
    <_>
      <rect>
        16 1 2 1</rect></_>
    <_>
      <rect>
        16 1 4 1</rect></_>
    <_>
      <rect>
        16 4 2 1</rect></_>
    <_>
      <rect>
        16 6 2 1</rect></_>
    <_>
      <rect>
        16 21 1 1</rect></_>
    <_>
      <rect>
        16 25 3 1</rect></_>
    <_>
      <rect>
        17 1 2 1</rect></_>
    <_>
      <rect>
        17 2 2 1</rect></_>
    <_>
      <rect>
        17 3 4 1</rect></_>
    <_>
      <rect>
        17 4 3 1</rect></_>
    <_>
      <rect>
        17 6 1 1</rect></_>
    <_>
      <rect>
        17 6 2 1</rect></_>
    <_>
      <rect>
        17 20 1 1</rect></_>
    <_>
      <rect>
        18 1 4 1</rect></_>
    <_>
      <rect>
        18 16 4 1</rect></_>
    <_>
      <rect>
        18 17 4 1</rect></_>
    <_>
      <rect>
        18 19 4 2</rect></_>
    <_>
      <rect>
        18 25 1 1</rect></_>
    <_>
      <rect>
        18 27 4 1</rect></_>
    <_>
      <rect>
        19 0 3 1</rect></_>
    <_>
      <rect>
        19 3 2 2</rect></_>
    <_>
      <rect>
        19 3 3 1</rect></_>
    <_>
      <rect>
        19 3 3 2</rect></_>
    <_>
      <rect>
        19 4 2 1</rect></_>
    <_>
      <rect>
        19 7 1 1</rect></_>
    <_>
      <rect>
        20 1 3 2</rect></_>
    <_>
      <rect>
        20 7 1 1</rect></_>
    <_>
      <rect>
        20 15 3 5</rect></_>
    <_>
      <rect>
        20 27 2 1</rect></_>
    <_>
      <rect>
        21 0 3 2</rect></_>
    <_>
      <rect>
        21 1 3 1</rect></_>
    <_>
      <rect>
        21 1 3 2</rect></_>
    <_>
      <rect>
        21 2 3 3</rect></_>
    <_>
      <rect>
        21 3 3 3</rect></_>
    <_>
      <rect>
        21 5 2 1</rect></_>
    <_>
      <rect>
        21 14 3 5</rect></_>
    <_>
      <rect>
        21 22 3 1</rect></_>
    <_>
      <rect>
        21 23 3 1</rect></_>
    <_>
      <rect>
        21 25 1 1</rect></_>
    <_>
      <rect>
        21 27 3 1</rect></_>
    <_>
      <rect>
        22 3 2 1</rect></_>
    <_>
      <rect>
        23 0 2 4</rect></_>
    <_>
      <rect>
        23 3 2 1</rect></_>
    <_>
      <rect>
        23 4 2 1</rect></_>
    <_>
      <rect>
        23 5 2 2</rect></_>
    <_>
      <rect>
        23 10 2 4</rect></_>
    <_>
      <rect>
        23 27 1 1</rect></_>
    <_>
      <rect>
        24 1 2 1</rect></_>
    <_>
      <rect>
        24 1 2 2</rect></_>
    <_>
      <rect>
        24 2 2 4</rect></_>
    <_>
      <rect>
        24 2 2 5</rect></_>
    <_>
      <rect>
        24 3 1 1</rect></_>
    <_>
      <rect>
        24 3 2 3</rect></_>
    <_>
      <rect>
        24 4 1 1</rect></_>
    <_>
      <rect>
        24 4 1 2</rect></_>
    <_>
      <rect>
        24 4 2 4</rect></_>
    <_>
      <rect>
        24 17 2 3</rect></_>
    <_>
      <rect>
        24 24 2 1</rect></_>
    <_>
      <rect>
        24 27 2 1</rect></_>
    <_>
      <rect>
        25 3 1 1</rect></_>
    <_>
      <rect>
        26 3 1 5</rect></_>
    <_>
      <rect>
        26 8 1 1</rect></_>
    <_>
      <rect>
        26 8 1 5</rect></_>
    <_>
      <rect>
        26 9 1 1</rect></_>
    <_>
      <rect>
        26 12 1 3</rect></_>
    <_>
      <rect>
        26 13 1 1</rect></_>
    <_>
      <rect>
        27 2 1 3</rect></_>
    <_>
      <rect>
        27 27 1 1</rect></_></features></cascade>
</opencv_storage>
